הוא צפה בסרט וראה חיה שצפה במים	hˈu tsafˈa besˈeʁet veʁaʔˈa χajˈa ʃetsˈafa bamˈajim
הוא רצה את זה גם, אבל היא רצה מהר והקדימה אותו	hˈu ʁatsˈa ʔˈet zˈe ɡˈam, ʔavˈal hˈi ʁˈatsa mahˈeʁ vehikdˈima ʔotˈo
בא תרד לאכול, יש בורקס עם תרד	bˈa teʁˈed leʔeχˈol, jˈeʃ buʁˈekas ʔˈim tˈeʁed
אחרי שאתה אורז את המזוודה, תבוא לאכול אורז	ʔaχʁˈej ʃeʔatˈa ʔˈoʁez ʔˈet hamizvadˈa, tavˈo leʔeχˈol ʔˈoʁez
האם מותר לשתות בירה בעיר הבירה ירושלים?	haʔˈim mutˈaʁ liʃtˈot bˈiʁa beʔˈiʁ habˈiʁa jeʁuʃalˈajim?
החיה הזו חיה הרבה מאוד שנים.	haχajˈa hazˈo χajˈa haʁbˈe meʔˈod ʃanˈim.
גילה אמרה לי שהוא גילה לה את הסוד.	ɡilˈa ʔamʁˈa lˈi ʃehˈu ɡilˈa lˈa ʔˈet hasˈod.
הבוקר יצא לרעות את העדר מוקדם מאוד בבוקר.	habokˈeʁ jatsˈa liʁʔˈot ʔˈet haʔˈedeʁ mukdˈam meʔˈod babˈokeʁ.
הם לנו בשטח, כי לא נשאר לנו מקום בבית.	hˈem lˈanu baʃˈetaχ, kˈi lˈo niʃˈʔaʁ lˈanu makˈom babˈajit.
הוא צעד לעבר האופק, ובכל צעד הרגיש את כובד הדרך.	hˈu tsaʔˈad leʔˈeveʁ haʔˈofek, uvχˈol tsˈaʔad hiʁɡˈiʃ ʔˈet kˈoved hadˈeʁeχ.
טלגרם זו אפליקציה ממש נוחה לשימוש.	tˈeleɡʁam zˈo ʔaplikˈatsja mamˈaʃ noχˈa leʃimˈuʃ.
תוכל לכתוב לי בוואצאפ?	tuχˈal liχtˈov lˈi bawˈatsap?
מערך הסייבר הלאומי הוא גוף טכנולוגי בישראל.	maʔaʁˈaχ hasˈajbeʁ haleʔumˈi hˈu ɡˈuf teχnolˈoɡi bejisʁaʔˈel.
בכל כוס של קולה יש המון סוכר.	beχˈol kˈos ʃˈel kˈola jˈeʃ hamˈon sukˈaʁ.
אילון מאסק הוא האיש הכי עשיר בעולם.	ʔilˈon mˈask hˈu haʔˈiʃ haχˈi ʔaʃˈiʁ baʔolˈam.
בסטארטאפ שלנו יש דיילי כל יום שני וחמישי	bestˈaʁtʔap ʃelˈanu jˈeʃ dˈejli kˈol jˈom ʃenˈi veχamiʃˈi
שלחתי לך לינק חדש לטיקט שפתחתי בגיהטאב	ʃalˈaχti leχˈa lˈink χadˈaʃ letˈiket ʃepatˈaχti beɡˈithab
שמתי פלייליסט חדש בספוטיפיי ושיתפתי אותו באינסטגרם	sˈamti plˈejlist χadˈaʃ bespˈotifaj veʃitˈafti ʔotˈo beʔˈinstaɡʁam
בוא נשים את זה בקובץ דוקס ונשתף את הצוות	bˈo nasˈim ʔˈet zˈe bekˈovets dˈoks veneʃatˈef ʔˈet hatsˈevet
אנחנו רוצים לעלות לפרודקשן אחרי שנקבל עוד קצת אינפוט	ʔanˈaχnu ʁotsˈim laʔalˈot lepʁodˈakʃen ʔaχaʁˈej ʃenekabˈel ʔˈod ktsˈat ʔˈinput
אני באמת דואג לך ותמיד כאן בשבילך אם תצטרכי עזרה.	ʔanˈi beʔemˈet doʔˈeɡ lˈaχ vetamˈid kˈan biʃvilˈeχ ʔˈim titstaʁχˈi ʔezʁˈa.
אני שמח בשבילך ומקווה בשבילך שכל מה שתרצה יקרה	ʔanˈi samˈeaχ biʃvilχˈa umekavˈe biʃvilχˈa ʃekˈol mˈa ʃetiʁtsˈe jikʁˈe
אני בא אליך אחר כך ונשאר אצלך קצת אם מתאים. מה אתה אומר?	ʔanˈi bˈa ʔelˈeχa ʔaχˈaʁ kˈaχ veniʃʔˈaʁ ʔetslˈeχa ktsˈat ʔˈim matʔˈim. mˈa ʔatˈa ʔomˈeʁ?
אני לומד ממך המון ומעריך ממך כל דבר קטן שאתה נותן	ʔanˈi lomˈed mimχˈa hamˈon umaʔaʁˈiχ mimχˈa kˈol davˈaʁ katˈan ʃeʔatˈa notˈen
אני שמח בשבילך ומודה לך על כל מה שאתה עושה	ʔanˈi samˈeaχ biʃvilχˈa vemodˈe leχˈa ʔˈal kˈol mˈa ʃeʔatˈa ʔosˈe
אני לומד ממך המון, אתה בן אדם חכם	ʔanˈi lomˈed mimχˈa hamˈon, ʔatˈa bˈen ʔadˈam χaχˈam
אני שמח בשבילך, אחי	ʔanˈi samˈeaχ biʃvilχˈa, ʔaχˈi
אני מתכנן לבוא אלייך מחר ורציתי לדעת אם זה מתאים לך	ʔanˈi metaχnˈen lavˈo ʔelˈajiχ maχˈaʁ veʁatsˈiti ladˈaʔat ʔˈim zˈe matʔˈim lˈaχ
אני עומד לצדך ורוצה לשמוע ממך שאתה לא לבד בזה	ʔanˈi ʔomˈed letsidχˈa veʁotsˈe liʃmˈoʔa mimχˈa ʃeʔatˈa lˈo levˈad bezˈe
אני עומד לצדך ורוצה לשמוע ממך שאת לא לבד בזה	ʔanˈi ʔomˈed letsidˈeχ veʁotsˈe liʃmˈoʔa mimˈeχ ʃeʔˈat lˈo levˈad bazˈe
אוריה אמרה לי שהיא אוהבת לטייל בטבע.	ʔoʁijˈa ʔamʁˈa lˈi ʃehˈi ʔohˈevet letajˈel batˈeva.
תהל אמרה שהיא מנסה לעשות יותר הפסקות במהלך היום	tahˈel ʔamʁˈa ʃehˈi menasˈa laʔasˈot jotˈeʁ hafsakˈot bemahalˈaχ hajˈom
רננה סיפרה שהיא מתכננת טיול ארוך אחרי הלימודים	ʁenanˈa sipʁˈa ʃehˈi metaχnˈenet tijˈul ʔaʁˈoχ ʔaχaʁˈej halimudˈim
אלירז אמר שהוא מנסה למצוא קצת יותר איזון בחיים	ʔeliʁˈaz ʔamˈaʁ ʃehˈu menasˈe limtsˈo ktsˈat jotˈeʁ ʔizˈun baχajˈim
ינאי כתב שהוא רוצה להתחיל משהו חדש השנה	janˈaj katˈav ʃehˈu ʁotsˈe lehatχˈil mˈaʃehu χadˈaʃ haʃanˈa
אושרה אמרה שהיא מנסה להיות יותר סבלנית עם עצמה	ʔoʃʁˈa ʔamʁˈa ʃehˈi menasˈa lihjˈot jotˈeʁ savlanˈit ʔˈim ʔatsmˈa
שלומי סיפר שהוא התחיל לעבוד על פרויקט חדש והוא מתלהב מזה	ʃlˈomi sipˈeʁ ʃehˈu hitχˈil laʔavˈod ʔˈal pʁojˈekt χadˈaʃ vehˈu mitlahˈev mizˈe
ידידה סיפרה שהיא התחילה ללמוד בטכניון ועברה לגור בחיפה	jedidˈa sipʁˈa ʃehˈi hitχˈila lilmˈod bateχnijˈon veʔavʁˈa laɡˈuʁ beχˈefa
מישהי בעבודה אמרה שהיא שוקלת לעבור לראשון לציון בשביל להיות קרובה למשפחה	mˈiʃehi baʔavodˈa ʔamʁˈa ʃehˈi ʃokˈelet laʔavˈoʁ leʁiʃˈon letsijˈon biʃvˈil lihjˈot kʁovˈa lamiʃpaχˈa
אחד מהחברים אמר שהוא חוזר לגור בעפולה אחרי כמה שנים במרכז	ʔeχˈad mehaχaveʁˈim ʔamˈaʁ ʃehˈu χozˈeʁ laɡˈuʁ beʔafˈula ʔaχaʁˈej kˈama ʃanˈim bameʁkˈaz
וואלה אח שלי אתה.	wˈala ʔˈaχ ʃelˈi ʔatˈa.
יאללה מתי אתה מגיע?	jˈala matˈaj ʔatˈa maɡˈiʔa?
יש שם אווירה ממש סחבקית, כולם מרגישים בבית	jˈeʃ ʃˈam ʔaviʁˈa mamˈaʃ saχbakˈit, kulˈam maʁɡiʃˈim babˈajit
ג'ירפה צעירה רצה לאט ליד אמא שלה ונראתה מאוד שלווה	dʒiʁˈafa tseʔiʁˈa ʁˈatsa leʔˈat lejˈad ʔˈima ʃelˈa veniʁʔatˈa meʔˈod ʃlevˈa
הזמנתי וויסקי קטן רק בשביל הטעם	hizmˈanti wˈiski katˈan ʁˈak biʃvˈil hatˈaʔam
הבאתי צ'יפס חם ופריך, והוא נגמר תוך דקה.	hevˈeti tʃˈips χˈam vepaʁˈiχ, vehˈu niɡmˈaʁ tˈoχ dakˈa.
שרה שרה שיר שמח	saʁˈa ʃˈaʁa ʃˈiʁ samˈeaχ
שמתי ז'קט כי נהיה קצת קר.	sˈamti ʒakˈet kˈi nihjˈa ktsˈat kˈaʁ.
בבוקר הכנתי ג'חנון ואכלנו כולנו ביחד	babˈokeʁ heχˈanti dʒaχnˈun veʔaχˈalnu kulˈanu bejˈaχad
הוא קנה לעצמו ג'ויסטיק חדש למשחקים	hˈu kanˈa leʔatsmˈo dʒˈojstik χadˈaʃ lemisχakˈim
הצלחת הזו נראית ממש יפה.	hatsalˈaχat hazˈo niʁʔˈet mamˈaʃ jafˈa.
אני יודע לנסוע באופניים.	ʔanˈi jodˈeʔa linsˈoʔa beʔofanˈajim.
איזה שמיים יפים וכחולים.	ʔˈeze ʃamˈajim jafˈim vekχulˈim.
אתה צורח וזה כואב לי באוזניים.	ʔatˈa tsoʁˈeaχ vezˈe koʔˈev lˈi baʔoznˈajim.
נכנסתי למטבח רק לקחת מים ובסוף מצאתי את עצמי מכין ארוחה שלמה	niχnˈasti lamitbˈaχ ʁˈak lakˈaχat mˈajim uvasˈof matsˈati ʔˈet ʔatsmˈi meχˈin ʔaʁuχˈa ʃlemˈa
אמרתי לעצמי שאני רק אבדוק רגע את הטלפון ובסוף עבר חצי שעה	ʔamˈaʁti leʔatsmˈi ʃeʔanˈi ʁˈak ʔevdˈok ʁˈeɡaʔ ʔˈet hatˈelefon uvasˈof ʔavˈaʁ χˈetsi ʃaʔˈa
הייתי בטוח שיש לי עוד זמן ואז גיליתי שהשעה כבר מאוחרת	hajˈiti batˈuaχ ʃejˈeʃ lˈi ʔˈod zmˈan veʔˈaz ɡilˈiti ʃehaʃaʔˈa kvˈaʁ meʔuχˈeʁet
באתי רק להגיד שלום ונשארתי הרבה יותר ממה שתכננתי	bˈati ʁˈak lehagˈid ʃalˈom veniʃʔˈaʁti haʁbˈe jotˈeʁ mimˈa ʃetiχnˈanti
שמתי תזכורת ולא הבנתי איך בכל זאת הצלחתי לשכוח	sˈamti tizkˈoʁet velˈo hevˈanti ʔˈejχ beχˈol zˈot hitslˈaχti liʃkˈoaχ
היה לי רגע קצר של שקט והוא נתן לי מלא כוח	hajˈa lˈi ʁˈeɡaʔ katsˈaʁ ʃˈel ʃˈeket vehˈuʔ natˈan lˈi malˈeʔ kˈoaχ
עשיתי שינוי קטן בשגרה והוא נתן לי תחושה ממש טובה	ʔasˈiti ʃinˈuj katˈan beʃiɡʁˈa vehˈu natˈan lˈi tχuʃˈa mamˈaʃ tovˈa
פגשתי במקרה מישהו שלא ראיתי הרבה זמן וזה עשה לי את היום	paɡˈaʃti bemikʁˈe mˈiʃehu ʃelˈo ʁaʔˈiti haʁbˈe zmˈan vezˈe ʔasˈa lˈi ʔˈet hajˈom
ישבתי לנוח דקה על הספה ובלי לשים לב נרדמתי	jaʃˈavti lanˈuaχ dakˈa ʔˈal hasapˈa uvlˈi laʃˈim lˈev niʁdˈamti
קבעתי להגיע בזמן אבל פקקים הרסו לי את כל התוכנית	kavˈaʔti lehaɡˈiʔa bazmˈan ʔavˈal pkakˈim haʁsˈu lˈi ʔˈet kˈol hatoχnˈit
הקשבתי לעצמי הפעם וזה עבד לי ממש טוב	hikʃˈavti leʔatsmˈi hapˈaʔam vezˈe ʔavˈad lˈi mamˈaʃ tˈov
הלכתי על משהו קטן ויצא ממנו משהו גדול וטוב	halˈaχti ʔˈal mˈaʃehu katˈan vejatsˈaʔ mimˈeno mˈaʃehu ɡadˈol vetˈov
ניסיתי להסביר את עצמי ופשוט הסתבכתי יותר עם כל מילה	nisˈiti lehasbˈiʁ ʔˈet ʔatsmˈi vepaʃˈut histabˈaχti jotˈeʁ ʔˈim kˈol milˈa
עשיתי משהו בשביל עצמי והרגשתי שזה בדיוק מה שהייתי צריך	ʔasˈiti mˈaʃehu biʃvˈil ʔatsmˈi vehiʁɡˈaʃti ʃezˈe bedijˈuk mˈa ʃehajˈiti tsaʁˈiχ
חשבתי שזה יהיה משהו קטן ופשוט וזה יצא הרבה יותר מורכב	χaʃˈavti ʃezˈe jihjˈe mˈaʃehu katˈan vefaʃˈut vezˈe jatsˈaʔ haʁbˈe jotˈeʁ muʁkˈav
רציתי יום שקט בבית ובסוף כל היום היה מלא התעסקויות	ʁatsˈiti jˈom ʃakˈet babˈajit uvsˈof kˈol hajˈom hajˈa malˈe hitʔaskujˈot
אמרתי שאקום מוקדם ובסוף גררתי את עצמי מהמיטה	ʔamˈaʁti ʃeʔakˈum mukdˈam uvasˈof ɡaʁˈaʁti ʔˈet ʔatsmˈi mehamitˈa
לא ציפיתי לכלום ובכל זאת היום התמלא ברגעים יפים	lˈo tsipˈiti leχlˈum uvχˈol zˈot hajˈom hitmalˈe beʁeɡaʔˈim jafˈim
הייתי בטוח שאני מבין מה קורה ואז הכל הסתבך לי	hajˈiti batˈuaχ ʃeʔanˈi mevˈin mˈa koʁˈe veʔˈaz hakˈol histabˈeχ lˈi
חשבתי שזה עוד יום רגיל ויצאה ממנו תחושה מדהימה	χaʃˈavti ʃezˈe ʔˈod jˈom ʁaɡˈil vejatsʔˈa mimˈenu tχuʃˈa madhimˈa
שמתי תזכורת ולא הבנתי איך בכל זאת הצלחתי לשכוח	sˈamti tizkˈoʁet velˈo hevˈanti ʔˈejχ beχˈol zˈot hitslˈaχti liʃkˈoaχ
ניסיתי להיות רציני ובאיזשהו שלב זה כבר הפך לבדיחה	nisˈiti lihjˈot ʁetsinˈi uvʔˈeizeʃehu ʃalˈav zˈe kvˈaʁ hafˈaχ levdiχˈa
חשבתי שאני מוכן להכל ואז הגיע משהו שלא צפיתי	χaʃˈavti ʃeʔanˈi muχˈan lehakˈol veʔˈaz hiɡˈiʔa mˈaʃehu ʃelˈo tsafˈiti
פגשתי אנשים טובים והם פשוט עשו לי את היום	paɡˈaʃti ʔanaʃˈim tovˈim vehˈem paʃˈut ʔasˈu lˈi ʔˈet hajˈom
עשיתי צעד קטן והוא הרגיש כמו התקדמות גדולה	ʔasˈiti tsˈaʔad katˈan vehˈuʔ hiʁɡˈiʃ kmˈo hitkadmˈut ɡdolˈa
היה לי רגע קצר של שקט והוא נתן לי מלא כוח	hajˈa lˈi ʁˈeɡaʔ katsˈaʁ ʃˈel ʃˈeket vehˈuʔ natˈan lˈi malˈeʔ kˈoaχ
קניתי משהו קטן ובסוף זה גרר עוד מיליון דברים מסביב	kanˈiti mˈaʃehu katˈan uvasˈof zˈe ɡaʁˈaʁ ʔˈod miljˈon dvaʁˈim misavˈiv
הבטחתי לעצמי להיות רגוע ואז מישהו לחץ לי על העצבים	hivtˈaχti leʔatsmˈi lihjˈot ʁaɡˈuʔa veʔˈaz mˈiʃehu laχˈats lˈi ʔˈal haʔatsabˈim
חשבתי לעשות הפסקה קצרה ופתאום עבר חצי יום	χaʃˈavti laʔasˈot hafsakˈa ktsaʁˈa ufitʔˈom ʔavˈaʁ χˈetsi jˈom
ישבתי לחשוב רגע ובלי לשים לב כבר הייתי עמוק בתוך זה	jaʃˈavti laχʃˈov ʁˈeɡaʔ uvlˈi lasˈim lˈev kvˈaʁ hajˈiti ʔamˈok betˈoχ zˈe
אמרתי שהפעם אני באמת מתארגן בזמן ובסוף שוב מיהרתי	ʔamˈaʁti ʃehapˈaʔam ʔanˈi beʔemˈet mitʔaʁɡˈen bazmˈan uvasˈof ʃˈuv mihˈaʁti
אמרתי לעצמי להיות רגוע ופשוט נהניתי מכל רגע	ʔamˈaʁti leʔatsmˈi lihijˈot ʁaɡˈuʔa vepaʃˈut nehenˈeti mikˈol ʁˈeɡaʔ
לא תכננתי כלום והיום התמלא בדברים טובים מעצמם	lˈo tiχnˈanti klˈum vehajˈom hitmalˈe bedvaʁˈim tovˈim meʔatsmˈam
נכנסתי לשיחה סתם בכאילו ובסוף יצא דיבור ממש עמוק	niχnˈasti leʃiχˈa stˈam bekeʔˈilu uvasˈof jatsˈa dibˈuʁ mamˈaʃ ʔamˈok
היה לי תכנון ברור ואז המציאות פשוט צחקה לי בפנים	hajˈa lˈi tiχnˈun baʁˈuʁ veʔˈaz hametsiʔˈut paʃˈut tsaχakˈa lˈi bapanˈim
ניסיתי לעשות את זה פשוט ובדרך איכשהו זה נהיה מסובך יותר	nisˈiti laʔasˈot ʔˈet zˈe paʃˈut uvadˈeʁeχ ʔˈeχʃehu zˈe nihjˈa mesubˈaχ jotˈeʁ
התעוררתי עם אנרגיות טובות והכול פשוט זרם לי היום	hitʔoʁˈaʁti ʔˈim ʔenˈeʁɡjot tovˈot vehakˈol paʃˈut zaʁˈam lˈi hajˈom
קבעתי לצאת רק קצת והיום הפך למלא חוויות טובות	kavˈaʔti latsˈet ʁˈak ktsˈat vehajˈom hafˈaχ lemalˈeʔ χavajˈot tovˈot
נפגשנו סתם לכוס קפה ויצאה שיחה ממש נעימה	nifɡˈaʃnu stˈam lekˈos kafˈe vejatsʔˈa siχˈa mamˈaʃ neʔimˈa
הייתי בטוח שזה יהיה רגיל ויצא הרבה יותר טוב ממה שציפיתי	hajˈiti batˈuaχ ʃezˈe jihjˈe ʁaɡˈil vejatsˈa haʁbˈe jotˈeʁ tˈov mimˈa ʃetsipˈiti
יצאתי להליכה קצרה וחזרתי עם חיוך גדול על הפנים	jatsˈati lehaliχˈa ktsaʁˈa veχazˈaʁti ʔˈim χijˈuχ ɡadˈol ʔˈal hapanˈim
עשיתי משהו קטן בשביל מישהו וקיבלתי פי כמה חזרה בלב	ʔasˈiti mˈaʃehu katˈan biʃvˈil mˈiʃehu vekibˈalti pˈi kˈama χazaʁˈa balˈev
חשבתי שזה יום רגוע והוא הפך ליום ממש כיף	χaʃˈavti ʃezˈe jˈom ʁaɡˈuʔa vehˈu hafˈaχ lejˈom mamˈaʃ kˈef
עשיתי הפסקה קטנה והיא נתנה לי בוסט מטורף להמשך	ʔasˈiti hafsakˈa ktanˈa vehˈi natnˈa lˈi bˈust metoʁˈaf lehemʃˈeχ
הלכתי בלי ציפיות ויצאתי עם תחושה ממש טובה	halˈaχti blˈi tsipijˈot vejatsˈati ʔˈim tχuʃˈa mamˈaʃ tovˈa
השקעתי קצת זמן ופתאום הכול הסתדר בצורה מושלמת	hiʃkˈaʔti ktsˈat zmˈan ufitʔˈom hakˈol histadˈeʁ betsuʁˈa muʃlˈemet
טלסקופ החלל החדש צילם גלקסיות ספירליות במרחק עצום ממערכת השמש שלנו.	teleskˈop haχalˈal haχadˈaʃ tsilˈem ɡalˈaksjot spiʁˈaljot bemeʁχˈak ʔatsˈum mimaʔaʁˈeχet haʃˈemeʃ ʃelˈanu.
השף הצרפתי הכין פונדו גבינות מבעבע עם צ'יפס פריך וקרוטונים מתובלים.	haʃˈef hatsaʁfatˈi heχˈin fondˈu ɡvinˈot mevaʔbˈeʔa ʔˈim tʃˈips paʁˈiχ vekʁutonˈim metubalˈim.
האלגוריתם המתוחכם הצליח לפענח הצפנה קוונטית בזמן אמת ללא שגיאות מערכת.	haʔalɡoʁˈitem hametuχkˈam hitslˈiaχ lefaʔanˈeaχ hatspanˈa kvˈantit bizmˈan ʔemˈet lelˈo ʃɡiʔˈot maʔaʁˈeχet.
הארכיאולוגים גילו בחפירות פסיפס ביזנטי עתיק ונדיר שנשתמר בצורה יוצאת דופן.	haʔaʁχiʔoloɡˈim ɡilˈu beχafiʁˈot psifˈas bizˈanti ʔatˈik venadˈiʁ ʃeniʃtamˈaʁ betsuʁˈa jotsˈet dˈofen.
האינפלציה הדוהרת השפיעה דרמטית על שוק המניות והובילה לקריסת בנקים מקומיים.	haʔinflˈatsja hadohˈeʁet hiʃpˈiʔa dʁamˈatit ʔˈal ʃˈuk hamenajˈot vehovˈila lekʁisˈat bankˈim mekomijˈim.
הסופר פרסם אנתולוגיה מרתקת של סיפורי מדע בדיוני ופנטזיה אפלה לנוער.	hasofˈeʁ piʁsˈem ʔantolˈoɡja meʁatˈeket ʃˈel sipuʁˈej madˈaʔ bidjonˈi ufantˈazja ʔafelˈa lanˈoʔaʁ.
הדוגמנית לבשה ז'קט קטיפה בצבע בורדו עם אקססוריז נוצצים ונעלי עקב.	haduɡmanˈit lavʃˈa ʒakˈet ktifˈa betsˈeva bˈoʁdo ʔˈim ʔaksˈesoʁiz notsetsˈim venaʔalˈej ʔakˈev.
הפיורדים בנורווגיה מציעים נופים עוצרי נשימה של הרים תלולים ומים צלולים.	hafjˈoʁdim benoʁvˈeɡja matsiʔˈim nofˈim ʔotsʁˈej neʃimˈa ʃˈel haʁˈim tlulˈim umˈajim tslulˈim.
הקואליציה והאופוזיציה ניהלו עימות סוער בוועדת החוקה סביב הרפורמה המשפטית החדשה.	hakoʔalˈitsja vehaʔopozˈitsja nihalˈu ʔimˈut soʔˈeʁ bevaʔadˈat haχukˈa savˈiv haʁefˈoʁma hamiʃpatˈit haχadaʃˈa.
הפסיכיאטר רשם תרופה אנטיביוטית ופסיכואקטיבית לטיפול בתסמינים כרוניים של חרדה חברתית.	hapsiχiʔˈateʁ ʁaʃˈam tʁufˈa ʔantibijˈotit vepsiχoʔaktˈivit letipˈul betasminˈim χʁonijˈim ʃˈel χaʁadˈa χevʁatˈit.
גורדי השחקים במטרופולין תוכננו על ידי ארכיטקט מפורסם בסגנון פוסט מודרני.	ɡoʁdˈej haʃχakˈim bemetʁopolˈin tuχnenˈu ʔˈal jedˈej ʔaʁχitˈekt mefuʁsˈam besiɡnˈon pˈost modˈeʁni.
המנוע ההיברידי של הרכב מאפשר חיסכון אנרגטי משמעותי והפחתת זיהום האוויר.	hamanˈoʔa hahibʁˈidi ʃˈel haʁˈeχev meʔafʃˈeʁ χisaχˈon ʔeneʁɡˈeti maʃmaʔutˈi vehafχatˈat zihˈum haʔavˈiʁ.
התערוכה במוזיאון מציגה פורטרטים אבסטרקטיים שנוצרו בטכניקות מעורבות של צבעי שמן.	hataʔaʁuχˈa bamuzeʔˈon matsiɡˈa poʁtʁˈetim ʔabstʁaktˈijim ʃenotsʁˈu betˈeχnikot meʔoʁavˈot ʃˈel tsivʔˈej ʃˈemen.
הווטרינר בדק את התוכי המדבר והמליץ על תזונה עשירה בוויטמינים ומינרלים.	haveteʁinˈaʁ badˈak ʔˈet hatˈuki hamedabˈeʁ vehimlˈits ʔˈal tzunˈa ʔaʃiʁˈa bevitaminˈim umineʁalˈim.
מטאורולוגים חזרו וצפו סופת הוריקן עוצמתית שתפגע בערי החוף בשבוע הבא.	meteʔoʁolˈoɡim χazʁˈu vetsafˈu sufˈat huʁikˈan ʔotsmatˈit ʃetifɡˈaʔ beʔaʁˈej haχˈof baʃavˈuʔa habˈaʔ.
הבמאי זכה בפרס האוסקר על סרט דוקומנטרי העוסק במשבר האקלים העולמי.	habamˈaj zaχˈa bifʁˈas haʔˈoskaʁ ʔˈal sˈeʁet dokumentˈaʁi haʔosˈek bemaʃbˈeʁ haʔaklˈim haʔolamˈi.
השחקנים התחברו לשרת וניהלו קרב אסטרטגי וירטואלי מול מפלצות פנטסטיות אימתניות.	hasaχkanˈim hitχabʁˈu leʃaʁˈat venihalˈu kʁˈav ʔastʁatˈeɡi viʁtuʔˈali mˈul miflatsˈot fantastijˈot ʔemtanijˈot.
האקזיסטנציאליזם מתמקד במשמעות הקיום האנושי, חופש הבחירה ואחריות אישית בעולם אבסורדי.	haʔekzistentsiʔalˈizem mitmakˈed bemaʃmaʔˈut hakijˈum haʔenoʃˈi, χˈofeʃ habχiʁˈa veʔaχʁajˈut ʔiʃˈit beʔolˈam ʔabsˈuʁdi.
הפונטיקה עוסקת בחקר החיתוך, ההפקה והתפיסה של צלילי השפה המדוברת בפינו.	hafonˈetika ʔosˈeket beχˈekeʁ haχitˈuχ, hahafakˈa vehatfisˈa ʃˈel tslilˈej hasafˈa hamedubˈeʁet befˈinu.
תיאוריית הדיסוננס הקוגניטיבי מסבירה את הקונפליקט הפנימי הנוצר עקב אמונות סותרות.	teʔˈoʁjat hadisonˈans hakoɡnitˈivi masbiʁˈa ʔˈet hakonflˈikt hapnimˈi hanotsˈaʁ ʔˈekev ʔemunˈot sotʁˈot.
עורך הדין הציג תקדים משפטי מורכב ששינה את החלטת חבר המושבעים.	ʔoʁˈeχ hadˈin hitsˈiɡ takdˈim miʃpatˈi muʁkˈav ʃeʃinˈa ʔˈet haχlatˈat χˈeveʁ hamuʃbaʔˈim.
תורת היחסות של איינשטיין חוללה מהפכה בהבנתנו את המרחב, הזמן והכבידה.	toʁˈat hajaχasˈut ʃˈel ʔˈajnʃtejn χolelˈa mahpeχˈa behavanatˈenu ʔˈet hameʁχˈav, hazmˈan vehakvidˈa.
תגובה אקסותרמית מתרחשת כאשר חומרים כימיים מתרכבים ומשחררים אנרגיית חום לסביבה.	tɡuvˈa ʔeksotˈeʁmit mitʁaχˈeʃet kaʔaʃˈeʁ χomaʁˈim χimijˈim mitʁakvˈim umeʃaχʁeʁˈim ʔenˈeʁɡjat χˈom lasvivˈa.
הפדגוגיה המודרנית דוגלת בלמידה חווייתית המותאמת אישית לצרכים הקוגניטיביים של התלמיד.	hapedagˈogija hamodˈeʁnit dogˈelet belmidˈa χavajatˈit hamutʔˈemet ʔiʃˈit latsʁaχˈim hakognitˈivijim ʃˈel hatalmˈid.
הקברניט הודיע לנוסעים על מערבולות אוויר פתאומיות וביקש לחגור חגורות בטיחות.	hakabaʁnˈit hodˈiʔa lanosʔˈim ʔˈal maʔaʁbolˈot ʔavˈiʁ pitʔomijˈot uvikˈeʃ laχɡˈoʁ χaɡoʁˈot betiχˈut.
הפוטוסינתזה היא תהליך קריטי בו צמחים מייצרים פחמימות בעזרת אנרגיית השמש.	hafotosintˈeza hˈi tahalˈiχ kʁˈiti bˈo tsmaχˈim mejatsʁˈim paχmimˈot beʔezʁˈat ʔenˈeʁɡjat haʃˈemeʃ.
הגיאומטריה האנליטית משלבת אלגברה מופשטת כדי לפתור משוואות של עקומות ופונקציות.	haɡeʔomˈetʁija haʔanalˈitit meʃalˈevet ʔˈalɡebʁa mufʃˈetet kedˈej liftˈoʁ miʃvaʔˈot ʃˈel ʔakumˈot vefˈunktsjot.
הצוללת הרובוטית חקרה את שונית האלמוגים וגילתה מינים אקזוטיים של רכיכות.	hatsolˈelet haʁobˈotit χakʁˈa ˈet ʃunˈit haʔalmogˈim veɡiltˈa minˈim ʔekzotˈijim ʃˈel ʁakiχˈot.
השחקנית הראשית ביצעה מונולוג דרמטי ומרגש שסחט מחיאות כפיים סוערות מהקהל.	hasaχkanˈit haʁaʃˈit bitsʔˈa monolˈoɡ dʁamˈati vemeʁaɡˈeʃ ʃesaχˈat meχiʔˈot kapˈajim soʔaʁˈot mehakahˈal.
מיחזור פסולת אלקטרונית מסייע בהפחתת פליטת גזי חממה ושמירה על הביוספרה.	miχzˈuʁ psˈolet ʔelektʁˈonit mesajˈeʔa behafχatˈat plitˈat ɡazˈej χamamˈa veʃmiʁˈa ʔˈal habiosfˈeʁa.
תהליך הסוציאליזציה משפיע על הדרך בה אינדיבידואלים רוכשים נורמות וערכים תרבותיים.	tahalˈiχ hasotsiʔalizˈatsja maʃpˈiʔa ʔˈal hadˈeʁeχ bˈa ʔindividuʔalˈim ʁoχʃˈim nˈoʁmot veʔaʁaχˈim taʁbutijˈim.
הטקסטים האפוקליפטיים בתיאולוגיה העתיקה מתארים חזונות מיסטיים על קץ הימים והגאולה.	hatˈekstim haʔapokalˈiptijim beteʔolˈoɡja haʔatikˈa metaʔaʁˈim χazonˈot mˈistijim ʔˈal kˈets hajamˈim vehageʔulˈa.
דיאטנים ממליצים על צריכת קטניות, דגנים מלאים ופרוביוטיקה לשמירה על המיקרוביום.	diʔetanˈim mamlitsˈim ʔˈal tsʁiχˈat kitnijˈot, dɡanˈim meleʔˈim vepʁobijˈotika leʃmiʁˈa ʔˈal hamikʁobijˈom.
האומן יצר כלי קרמיקה דקורטיביים בעזרת אבנים, חימר טבעי וגלזורה צבעונית.	haʔomˈan jatsˈaʁ klˈej keʁˈamika dekoʁatˈivijim beʔezʁˈat ʔavanˈim, χimˈaʁ tivʔˈi veɡlazˈuʁa tsivʔonˈit.
האסטרונאוטים בתחנת החלל הבינלאומית מבצעים ניסויים בתנאי חוסר כבידה שמשפיעים על הפיזיולוגיה.	haʔastʁonaʔˈutim betaχanˈat haχalˈal habejnleʔumˈit mevatsʔˈim nisujˈim bitnaʔˈej χˈoseʁ kvidˈa ʃemaʃpiʔˈim ʔˈal hafizjolˈoɡja.
החוקרים תיעדו שבטים ילידיים החיים בבידוד מוחלט ביערות האמזונס.	haχokʁˈim tiʔadˈu ʃvatˈim jelidijˈim haχajˈim bevidˈud muχlˈat bejaʔaʁˈot haʔamazˈonas.
חוקרי הגנטיקה פענחו את הרצף המורכב כדי לאתר מוטציות תורשתיות נדירות.	χokʁˈej haɡenˈetika piʔanχˈu ʔˈet haʁˈetsef hamuʁkˈav kedˈej leʔatˈeʁ mutˈatsjot toʁaʃtijˈot nediʁˈot.
המיזם הטכנולוגי גייס הון סיכון אדיר לפיתוח פלטפורמה אינטראקטיבית מבוססת אלגוריתמים.	hamejzˈam hateχnolˈoɡi ɡijˈes hˈon sikˈun ʔadˈiʁ lefitˈuaχ platfˈoʁma ʔinteʁʔaktˈivit mevusˈeset ʔalɡoʁitmˈim.
המהנדסים תכננו גשר תלוי עם כבלי פלדה שיעמוד ברעידות אדמה חזקות.	hamehandesˈim tiχnenˈu ɡˈeʃeʁ talˈuj ʔˈim kavlˈej pladˈa ʃejaʔamˈod biʁʔidˈot ʔadamˈa χazakˈot.
התיירים סיירו בטירה הסקוטית ושמעו אגדות אורבניות על רוחות רפאים עתיקות.	hatajaʁˈim sijeʁˈu batiʁˈa haskˈotit veʃamʔˈu ʔaɡadˈot ʔuʁbanijˈot ʔˈal ʁuχˈot ʁefaʔˈim ʔatikˈot.
הכוריאוגרף שילב אלמנטים של בלט קלאסי, היפ-הופ וריקוד מודרני במופע.	hakoʁeʔoɡʁˈaf ʃilˈev ʔelemˈentim ʃˈel balˈet klˈasi, hˈip-hˈop veʁikˈud modˈeʁni bamofˈaʔ.
איסוף בולים דורש סבלנות, פינצטה עדינה וזכוכית מגדלת לבחינת הפרטים.	ʔisˈuf bulˈim doʁˈeʃ savlanˈut, pintsˈeta ʔadinˈa vezχuχˈit maɡdˈelet livχinˈat hapʁatˈim.
מטבעות קריפטוגרפיים מבוזרים מאובטחים באמצעות בלוקצ'יין וחוזים חכמים נגד מתקפות סייבר.	matbeʔˈot kʁiptoɡʁafijˈim mevuzaʁˈim meʔuvtaχˈim beʔemtsaʔˈut blˈoktʃejn veχozˈim χaχamˈim nˈeɡed mitkafˈot sˈajbeʁ.
דיונונים ענקיים משתמשים בהסוואה אופטית ובזרועות שריריות כדי לצוד במעמקי האוקיינוס.	djononˈim ʔanakijˈim miʃtamʃˈim behasvaʔˈa ʔˈoptit uvizʁoʔˈot ʃʁiʁijˈot kedˈej latsˈud bemaʔamakˈej haʔokjˈanus.
האפידמיולוגים עקבו אחר התפשטות הנגיף המוטנטי באמצעות בדיקות סרולוגיות וריצוף גנטי.	haʔepidemjoloɡˈim ʔakvˈu ʔaχˈaʁ hitpaʃtˈut hanaɡˈif hamutˈanti beʔemtsaʔˈut bdikˈot seʁoloɡijˈot veʁitsˈuf ɡenˈeti.
מסוקי האפאצ'י המתקדמים ביצעו תמרונים אווירובטיים מסובכים מעל בסיס חיל האוויר בדרום.	masokˈej haʔapˈatʃi hamitkadmˈim bitsʔˈu timʁunˈim ʔaviʁobˈatijim mesubaχˈim meʔˈal bsˈis χˈejl haʔavˈiʁ badaʁˈom.
אימפריית האינקה ניהלה רשת דרכים מסועפת בהרי האנדים למרות היעדר גלגלים.	ʔimpˈeʁjat haʔˈinka nihalˈa ʁˈeʃet dʁaχˈim mesuʔˈefet behaʁˈej haʔˈandim lamʁˈot heʔadˈeʁ ɡalɡalˈim.
תיבת ההילוכים האוטומטית הרציפה משפרת את ההאצה ומקטינה את צריכת הדלק.	tevˈat hahiluχˈim haʔotomˈatit haʁetsifˈa meʃapˈeʁet ʔˈet hahaʔatsˈa umaktinˈa ʔˈet tsʁiχˈat hadˈelek.
הלטאה מסוגלת להניע כל עין בנפרד ולשגר לשון דביקה במהירות.	haletaʔˈa mesuɡˈelet lehanˈiʔa kˈol ʔˈajin benifʁˈad veleʃaɡˈeʁ laʃˈon dvikˈa bimhiʁˈut.
חלקיקים חסרי מסה כמעט חולפים דרך כדור הארץ ללא שום אינטראקציה.	χelkikˈim χasʁˈej mˈasa kimʔˈat χolfˈim dˈeʁeχ kadˈuʁ haʔˈaʁets lelˈo ʃˈum ʔinteʁˈaktsja.
סרטי אנימציה ממוחשבים דורשים חוות שרתים עצומות לרינדור גרפי של טקסטורות מורכבות.	siʁtˈej ʔanimˈatsja memuχʃavˈim doʁʃˈim χavˈot ʃaʁatˈim ʔatsumˈot leʁindˈuʁ ɡʁˈafi ʃˈel tekstˈuʁot muʁkavˈot.
צמחים טורפים נסגרים ברגע שחרק נוגע בשערות החישה הזעירות.	tsmaχˈim toʁfˈim nisɡaʁˈim beʁˈeɡa ʃeχˈeʁek noɡˈeʔa besaʔaʁˈot haχiʃˈa hazeʔiʁˈot.
קניונים גיאולוגיים עמוקים נוצרים לאורך מיליוני שנים עקב שחיקה של זרמי נהרות.	kanjonˈim ɡeʔolˈoɡijim ʔamukˈim notsaʁˈim leʔˈoʁeχ miljonˈej ʃanˈim ʔˈekev ʃχikˈa ʃˈel ziʁmˈej nehaʁˈot.
כרומטוגרפיה נוזלית יעילה משמשת להפרדת תרכובות אורגניות בתעשיית התרופות והקוסמטיקה המודרנית.	kʁomatoɡʁˈafja nozlˈit jeʔilˈa meʃamˈeʃet lehafʁadˈat tiʁkovˈot ʔoʁɡˈanijot betaʔasijˈat hatʁufˈot vehakosmˈetika hamodˈeʁnit.
הדרקון המיתולוגי ירק אש קטלנית ומרחף מעל טירת האבירים העתיקה באירופה.	hadʁakˈon hamitolˈoɡi jaʁˈak ʔˈeʃ katlanˈit umeʁaχˈef meʔˈal tiʁˈat haʔaviʁˈim haʔatikˈa beʔeʁˈopa.
ממשק המשתמש האינטראקטיבי באפליקציה תוכנן בקפידה כדי להעניק חווית ניווט אינטואיטיבית וחלקה.	mimʃˈak hamiʃtamˈeʃ haʔinteʁaktˈivi baʔaplikˈatsja tuχnˈan bekfidˈa kedˈej lehaʔanˈik χavajˈat nivˈut ʔintuʔitˈivit veχalakˈa.
השחקנים החסונים התנגשו בעוצמה במהלך משחק הגמר הדרמטי באצטדיון הלאומי הומה האדם.	hasaχkanˈim haχasonˈim hitnaɡʃˈu beʔotsmˈa bemahalˈaχ misχˈak haɡmˈaʁ hadʁamˈati baʔitstadjˈon haleʔumˈi homˈe haʔadˈam.
פיסול ברונזה קלאסי דורש יציקת מתכת מותכת לתבניות שעווה נמסות בטמפרטורות גבוהות.	pisˈul bʁˈonza klˈasi doʁˈeʃ jetsikˈat matˈeχet mutˈeχet letavnijˈot ʃaʔavˈa nemasˈot betempeʁatˈuʁot ɡvohˈot.
הקרטל הבינלאומי של יצרניות הנפט מניפולטיבי ומשפיע משמעותית על תנודות המחירים בשוק.	hakaʁtˈel habenleʔumˈi ʃˈel jatsʁanijˈot hanˈeft manipulatˈivi umaʃpˈiʔa maʃmaʔutˈit ʔˈal tnudˈot hameχiʁˈim baʃˈuk.
כלבי תחש גזעיים נוטים לסבול מבעיות אורתופדיות בעמוד השדרה עקב מבנה גופם הארוך.	kalvˈej tˈaχaʃ ɡizʔijˈim notˈim lisbˈol mibeʔajˈot ʔoʁtopˈedijot beʔamˈud haʃidʁˈa ʔˈekev mivnˈe ɡufˈam haʔaʁˈoχ.
טיפול קוגניטיבי התנהגותי מסייע למטופלים לזהות ולשנות דפוסי חשיבה דפרסיביים וחרדתיים.	tipˈul koɡnitˈivi hitnahaɡˈuti mesajˈeʔa lemetupalˈim lezahˈot veleʃanˈot dfusˈej χaʃivˈa depʁesˈivijim veχaʁadatijˈim.
הקונגרס האמריקאי אישר תקציב פדרלי אסטרונומי לשיקום תשתיות ופיתוח פרויקטים סביבתיים ירוקים.	hakonɡʁˈes haʔameʁikˈaʔi ʔiʃˈeʁ taktsˈiv fedeʁˈali ʔastʁonˈomi leʃikˈum taʃtijˈot vefitˈuaχ pʁojˈektim svivatijˈim jeʁukˈim.
מעצבת האופנה שילבה בדים סינתטיים ממוחזרים בקולקציית האביב שהוצגה בפריז.	meʔatsˈevet haʔofnˈa ʃilvˈa badˈim sintˈetijim memuχzaʁˈim bekolˈektsjat haʔavˈiv ʃehutsɡˈa bepaʁˈiz.
סופות רעמים טרופיות מלוות בברקים מסנוורים, מטחי ברד כבדים ומשבי רוח עזים במיוחד.	sufˈot ʁeʔamˈim tʁopijˈot meluvˈot bivʁakˈim mesanveʁˈim, matχˈej baʁˈad kvedˈim umaʃavˈej ʁˈuaχ ʔazˈim bimjuχˈad.
אמן האשליות ביצע טריק טלפתיה מדהים שהשאיר את הקהל הסקפטי המום לחלוטין.	ʔomˈan haʔaʃlajˈot bitsˈeʔa tʁˈik telepˈatja madhˈim ʃehiʃʔˈiʁ ʔˈet hakahˈal haskˈepti hamˈum laχalutˈin.
הטרנזיסטורים הזעירים במעבד המחשב פועלים כמתגים אלקטרוניים זעירים המעבדים מידע בינארי.	hatʁanzistˈoʁim hazeʔiʁˈim bemeʔabˈed hamaχʃˈev poʔalˈim kemetaɡˈim ʔelektʁonˈijim zeʔiʁˈim hameʔabdˈim medˈaʔ binˈaʁi.
דבורי הדבש האפריקאיות אגרסיביות יותר בהגנה על הכוורת מאשר זנים אירופאים מתורבתים.	dvoʁˈej hadvˈaʃ haʔafʁikaʔijˈot ʔagʁesˈivijot jotˈeʁ behaganˈa ʔˈal hakavˈeʁet meʔaʃˈeʁ zanˈim ʔeʁopˈaʔim metuʁbatˈim.
קליית פולי הקפה האתיופיים מדגישה טעמים פירותיים ופרופיל ארומטי בעל חמיצות מעודנת.	klijˈat polˈej hakafˈe haʔetjopijˈim madɡiʃˈa teʔamˈim peʁotijˈim upʁofˈil ʔaʁomˈati bˈaʔal χamitsˈut meʔudˈenet.
פמיניזם רדיקלי קורא לשינוי יסודי במבנים של החברה והתרבות המערבית המודרנית.	feminˈizem ʁadikˈali koʁˈeʔ leʃinˈuj jesodˈi bemivnˈim ʃˈel haχevʁˈa vehataʁbˈut hamaʔaʁavˈit hamodˈeʁnit.
הטורבינות הענקיות בסכר ממירות את האנרגיה הקינטית של המים לחשמל זמין.	hatuʁbinˈot haʔanakijˈot basˈeχeʁ memiʁˈot ʔˈet haʔenˈeʁɡija hakinˈetit ʃˈel hamˈajim leχaʃmˈal zamˈin.
פלאש המצלמה מאפשר הקפאת תנועה של אובייקטים מהירים בחושך כמעט מוחלט.	flˈaʃ hamatslemˈa meʔafʃˈeʁ hakpaʔˈat tnuʔˈa ʃˈel ʔobjˈektim mehiʁˈim beχˈoʃeχ kimʔˈat muχlˈat.
הוא כתב סאטירה פוליטית נושכת המבקרת את הביורוקרטיה הממשלתית דרך מצבים אבסורדיים.	hˈu katˈav sˈatiʁa polˈitit noʃˈeχet hamevakˈeʁet ʔˈet habijuʁokʁˈatja hamemʃaltˈit dˈeʁeχ matsavˈim ʔabsurdijˈim.
בלשי המשטרה השתמשו בזיהוי פלילי וטביעות אצבע כדי ללכוד את השודד הסדרתי.	balʃˈej hamiʃtaʁˈa hiʃtamʃˈu bezihˈuj plilˈi vetviʔˈot ʔˈetsba kedˈej lilkˈod ʔˈet haʃodˈed hasidʁatˈi.
פרקטלים גיאומטריים מציגים דמיון עצמי בכל קנה מידה ונמצאים רבות בטבע סביבנו.	fʁaktalˈim ɡeʔometʁijˈim matsiɡˈim dimjˈon ʔatsmˈi beχˈol knˈe midˈa venimtsaʔˈim ʁabˈot batˈevaʔ svivˈenu.
אנטיאוקסידנטים הנמצאים בפירות יער מנטרלים רדיקלים חופשיים ומאטים את תהליך ההזדקנות התאית.	ʔantiʔoksidˈantim hanimtsaʔˈim befeʁˈot jˈaʔaʁ menatʁelˈim ʁadikˈalim χofʃijˈim umeʔetˈim ʔˈet tahalˈiχ hahizdaknˈut hataʔˈit.
נזירים בודהיסטים יושבים שעות ארוכות במקדשים מבודדים בהרי ההימלאיה כדי להגיע להארה.	neziʁˈim budhˈistim joʃvˈim ʃaʔˈot ʔaʁukˈot bemikdaʃˈim mevudadˈim behaʁˈej hahimalˈaja kedˈej lehaɡˈiʔa leheʔaʁˈa.
הטרקטורון הכבד פינה פסולת בניין גושית מאתר החפירות הארכיאולוגי כדי למנוע נזק.	hatʁaktoʁˈon hakavˈed pinˈa psˈolet binjˈan ɡuʃˈit meʔatˈaʁ haχafiʁˈot haʔaʁχeolˈoɡi kedˈej limnˈoaʔ nˈezek.
רופא השיניים התקין שתלי טיטניום והמליץ על שטיפות פלואוריד למניעת עששת חמורה.	ʁofˈe haʃinˈajim hitkˈin ʃtalˈej titˈanjum vehimlˈits ʔˈal ʃtifˈot fluʔoʁˈid limniʔˈat ʔaʃˈeʃet χamuʁˈa.
רכבות קליע מגנטיות מרחפות מעל המסילה ומגיעות למהירויות פסיכיות ללא חיכוך מכני.	ʁakavˈot kalˈiʔa maɡnetijˈot meʁaχafˈot meʔˈal hamesilˈa umaɡiʔˈot lemehiʁujˈot psiχijˈot lelˈo χikˈuχ meχˈani.
קוביות הלגו הפלסטיות מאפשרות הרכבת מודלים תלת מימדיים מורכבים במגוון צבעים זרחניים.	kubijˈot halˈeɡo haplastijˈot meʔafʃeʁˈot haʁkavˈat modˈelim tlˈat memadijˈim muʁkavˈim bemiɡvˈan tsvaʔˈim zaʁχanijˈim.
מערכת הניווט הלוויינית חישבה מסלול אלטרנטיבי עקב פקק תנועה אינסופי בכביש המהיר.	maʔaʁˈeχet hanivˈut halavjanˈit χiʃvˈa maslˈul ʔalteʁnatˈivi ʔˈekev pkˈak tnuʔˈa ʔejnsofˈi bakvˈiʃ hamahˈiʁ.
שלד הדינוזאור שהתגלה במדבר שייך לטורף דו רגלי מתקופת הקרטיקון.	ʃˈeled hadinozˈaʔuʁ ʃehitgalˈa bamidbˈaʁ ʃajˈaχ letoʁˈef dˈu ʁaɡlˈi mitkufˈat hakʁetikˈon.
חובבי אוריגמי מקפלים ניירות מרובעים ליצירת דמויות זעירות ומורכבות ללא שימוש במספריים.	χovevˈej ʔoʁiɡˈami mekaplˈim nijaʁˈot meʁubaʔˈim lijtsiʁˈat dmujˈot zeʔiʁˈot umuʁkavˈot lelˈo ʃimˈuʃ bemispaʁˈajim.
פיתוח מודלים מבוססי טקסט מצריך חומרה גרפית עוצמתית עם זיכרון רחב.	pitˈuaχ modˈelim mevusasˈej tˈekst matsʁˈiχ χumʁˈa ɡʁˈafit ʔotsmatˈit ʔˈim zikaʁˈon ʁaχˈav.
מערכות זיהוי דיבור מתקשות לעיתים בפענוח חיתוך הפקה של עיצורים סדקיים וגרוניים.	maʔaʁaχˈot zihˈuj dibˈuʁ mitkaʃˈot leʔitˈim befiʔanˈuaχ χitˈuχ hafakˈa ʃˈel ʔitsuʁˈim sidkijˈim veɡʁonijˈim.
חללית המחקר שוגרה בהצלחה כדי לאסוף דגימות קרקע מאסטרואיד קרוב לכדור הארץ.	χalalˈit hameχkˈaʁ ʃuɡʁˈa behatslaχˈa kedˈej leʔesˈof dɡimˈot kˈaʁkaʔ meʔastʁoʔˈid kaʁˈov lekadˈuʁ haʔˈaʁets.
הרנסנס האיטלקי התאפיין בפריחה חסרת תקדים של אמנות פלסטית, אדריכלות והגות הומניסטית.	haʁenesˈans haʔitalkˈi hitʔafjˈen befʁiχˈa χasʁˈat takdˈim ʃˈel ʔomanˈut plˈastit, ʔadʁiχalˈut vehaɡˈut humanˈistit.
הרופא המומחה רשם אנטיביוטיקה רחבת טווח לטיפול בזיהום החיידקי החריף במערכת הנשימה.	haʁofˈe hamumχˈe ʁaʃˈam ʔantibijˈotika ʁeχavˈat tvˈaχ letipˈul bezihˈum haχajdakˈi haχaʁˈif bemaʔaʁˈeχet haneʃimˈa.
שף המסעדה מכין ריזוטו פטריות כמהין מוקרם עם פרמז'ן, יין לבן ועירית.	ʃˈef hamisʔadˈa meχˈin ʁizˈoto pitʁijˈot kmehˈin mukʁˈam ʔˈim paʁmeʒˈan, jˈajin lavˈan veʔiʁˈit.
גולשי הגלים המקצוענים התמודדו עם כל ענק וזרמים חזקים בחוף המפורסם בהוואי.	ɡolʃˈej haɡalˈim hamiktsoʔanˈim hitmodedˈu ʔˈim kˈol ʔanˈak vezʁamˈim χazakˈim baχˈof hamefuʁsˈam behavˈaj.
מפתחי התוכנה בנו תשתית אסינכרונית מהירה ויעילה לעיבוד מקבילי של נתוני משתמשים.	mefatχˈej hatoχnˈa banˈu taʃtˈit ʔasinxʁonˈit mehiʁˈa vejeʔilˈa leʔibˈud makbilˈi ʃˈel netunˈej miʃtamʃˈim.
מדבר בצ'ילה נחשב לאזור היבש ביותר בעולם ומספק תנאים אידיאליים לתצפיות.	midbˈaʁ betʃˈile neχʃˈav leʔezˈoʁ hajavˈeʃ bejotˈeʁ baʔolˈam umesapˈek tnaʔˈim ʔideʔˈalijim letatspijˈot.
הדיפלומטים חתמו על אמנה בינלאומית מקיפה לצמצום מאגר הנשק הגרעיני והביולוגי בעולם.	hadiplomˈatim χatmˈu ʔˈal ʔamanˈa benleʔumˈit makifˈa letsimtsˈum maʔaɡˈaʁ hanˈeʃek haɡaʁʔinˈi vehabiolˈoɡi baʔolˈam.
פלמינגו מצוי מקבל את צבעו הוורוד והבולט מתזונה עשירה בסרטנים זעירים ואצות.	flamˈinɡo matsˈuj mekabˈel ʔˈet tsivʔˈo havaʁˈod vehabolˈet mitzunˈa ʔaʃiʁˈa besaʁtanˈim zeʔiʁˈim veʔatsˈot.
אדריכלות מאופיינת בקשתות מחודדות, תמיכות דואות וחלונות ויטראז' צבעוניים וענקיים.	ʔadʁiχalˈut meʔufjˈenet bekʃatˈot meχudadˈot, tmiχˈot doʔˈot veχalonˈot vitʁˈaʒ tsivʔonijˈim veʔanakijˈim.
עצי הסקויה הענקיים בקליפורניה יכולים לחיות אלפי שנים ולהגיע לגבהים בלתי נתפסים.	ʔatsˈej hasekvˈoja haʔanakijˈim bekalifˈoʁnja jeχolˈim liχjˈot ʔalfˈej ʃanˈim ulehaɡˈiʔa liɡvahˈim biltˈi nitpasˈim.
חומצה גופרתית היא נוזל קורוזיבי וחריף המשמש בתהליכים תעשייתיים רבים וייצור דשנים.	χumtsˈa ɡofʁatˈit hˈi nozˈel koʁozˈivi veχaʁˈif hameʃamˈeʃ betahaliχˈim taʔasijatijˈim ʁabˈim vejitsˈuʁ deʃanˈim.
תיאוריית הפסיכואנליזה מתמקדת בהשפעת התת־מודע וחוויות הילדות המוקדמות על התנהגות האדם הבוגר.	teʔˈoʁjat hapsiχoʔanalˈiza mitmakˈedet behaʃpaʔˈat hatˈat־mudˈaʔ veχavajˈot hajaldˈut hamukdamˈot ʔˈal hitnahagˈut haʔadˈam haboɡˈeʁ.
שופט בית המשפט העליון פרסם פסק דין תקדימי בנושא זכויות יוצרים דיגיטליות.	ʃofˈet bˈet hamiʃpˈat haʔeljˈon piʁsˈem psˈak dˈin takdimˈi benosˈe zχujˈot jotsʁˈim diɡitˈalijot.
הבנק המרכזי העלה את הריבית במשק בניסיון לבלום את האינפלציה הגואה לאחרונה.	habˈank hameʁkazˈi heʔelˈa ʔˈet haʁibˈit bamˈeʃek benisajˈon livlˈom ʔˈet haʔinflˈatsja haɡoʔˈa laʔaχʁonˈa.
רשת הרכבות התחתיות בלונדון היא אחת ממערכות התחבורה הציבורית הוותיקות והעמוסות בעולם.	ʁˈeʃet haʁakavˈot hataχtijˈot belˈondon hˈi ʔaχˈat mimaʔaʁaχˈot hataχbuʁˈa hatsibuʁˈit havatikˈot vehaʔamusˈot baʔolˈam.
טרקטורים חקלאיים אוטונומיים מצוידים בחיישני ג'י־פי־אס מתקדמים לניווט מדויק בשדות הכותנה הרחבים.	tʁaktoʁˈim χaklaʔˈim ʔotonˈomijim metsujadˈim beχajʃanˈej dʒi־pi־ʔˈes mitkadmˈim lenivˈut medujˈak bisdˈot hakutnˈa haʁeχavˈim.
הרומן הדיסטופי מתאר חברה טוטליטרית שבה השלטון מפקח על כל צעד אזרחי.	haʁomˈan hadistˈopi metaʔˈeʁ χevʁˈa totalitˈaʁit ʃebˈa haʃiltˈon mefakˈeaχ ʔˈal kˈol tsˈaʔad ʔezʁaχˈi.
מאיץ החלקיקים מאפשר לפיזיקאים לחקור את אבני הבניין היסודיות ביותר של החומר.	meʔˈits haχelkikˈim meʔafʃˈeʁ lefizikaʔˈim laχkˈoʁ ʔˈet ʔavnˈej habinjˈan hajesodijˈot bejotˈeʁ ʃˈel haχˈomeʁ.
מעצבי אופנה מובילים הציגו קולקציית חורף אלגנטית הכוללת מעילי צמר וצעיפי משי.	meʔatsvˈej ʔofnˈa movilˈim hitsˈiɡu kolˈektsjat χˈoʁef ʔeleɡˈantit hakolˈelet meʔilˈej tsˈemeʁ vetseʔifˈej mˈeʃi.
פסקול הסרט ההוליוודי הוקלט על ידי תזמורת פילהרמונית וזכה בפרסים בינלאומיים יוקרתיים.	paskˈol hasˈeʁet haholivˈudi huklˈat ʔˈal jedˈej tizmˈoʁet filhaʁmˈonit vezaχˈa bipʁasˈim bejnleʔumijˈim jukʁatijˈim.
הגירה המונית מהכפר לעיר משנה את המרקם החברתי ויוצרת אתגרים אורבניים מורכבים.	haɡiʁˈa hamonˈit mehakfˈaʁ laʔˈiʁ meʃanˈa ʔˈet hamiʁkˈam haχevʁatˈi vejotˈseʁet ʔetɡaʁˈim uʁbanˈijim muʁkavˈim.
מערכת העצבים המרכזית כוללת את המוח וחוט השדרה ומעבדת אותות חושיים מהגוף.	maʔaʁˈeχet haʔatsabˈim hameʁkazˈit kolˈelet ʔˈet hamˈoaχ veχˈut haʃidʁˈa umeʔabˈedet ʔotˈot χuʃijˈim mehaɡˈuf.
מהנדסי אלקטרוניקה מפתחים מעגלים מודפסים זעירים עבור סמארטפונים, מחשבים ניידים ומכשור רפואי.	mehandesˈej ʔelektʁˈonika mefatχˈim maʔaɡalˈim mudpasˈim zeʔiʁˈim ʔavˈuʁ smˈaʁtfonim, maχʃevˈim najadˈim umiχʃˈuʁ ʁefuʔˈi.
טקטוניקת הלוחות מסבירה את נדידת היבשות, היווצרות רכסי הרים והתרחשות רעידות אדמה.	tektonikˈat haluχˈot masbiʁˈa ʔˈet nedidˈat hajabaʃˈot, hivatsʁˈut ʁiχsˈei haʁˈim vehitʁaχaʃˈut ʁeʔidˈot ʔadamˈa.
שחקני קונסולות תחרותיים מתאמנים שעות רבות ביום כדי לשפר את זמן התגובה.	saχkanˈej kˈonsolot taχaʁutijˈim mitʔamnˈim ʃaʔˈot ʁabˈot bajˈom kedˈej leʃapˈeʁ ʔˈet zmˈan hatguvˈa.
פאנלים סולאריים על גגות הבתים מנצלים את קרינת השמש לייצור חשמל נקי.	pˈanelim solˈaʁijim ʔˈal ɡaɡˈot habatˈim menatslˈim ʔˈet kʁinˈat haʃˈemeʃ lejitsˈuʁ χaʃmˈal nakˈi.
חפירות ארכיאולוגיות בעיר דוד חשפו ממצאים נדירים מתקופת בית המקדש הראשון.	χafiʁˈot ʔaʁχeʔoloɡijˈot beʔˈiʁ davˈid χasfˈu mimtsaʔˈim nediʁˈim mitkufˈat bˈet hamikdˈaʃ haʁiʃˈon.
כריתת יערות הגשם באמזונס מאיימת על המגוון הביולוגי ותורמת משמעותית להתחממות הגלובלית.	kʁitˈat jaʔaʁˈot haɡˈeʃem baʔamazˈonas meʔajˈemet ʔˈal hamiɡvˈan habijolˈoɡi vetoʁˈemet maʃmaʔutˈit lehitχamemˈut haɡlobˈalit.
עדשות מאקרו מאפשרות לצלמים ללכוד פרטים זעירים של חרקים, פרחים וטקסטורות עדינות.	ʔadaʃˈot mˈakʁo meʔafʃeʁˈot letsalamˈim lilkˈod pʁatˈim zeʔiʁˈim ʃˈel χaʁakˈim, pʁaχˈim vetekstuʁˈot ʔadinˈot.
תרגום סימולטני בכנסים בינלאומיים דורש ריכוז עילאי, שליטה בשפות והיכרות עם מונחים.	tiʁɡˈum simultˈani beknasˈim bejnlʔumijˈim doʁˈeʃ ʁikˈuz ʔilaˈi, ʃlitˈa besafˈot vehekeʁˈut ʔˈim munaχˈim.
אורתודנטים משתמשים בגשרים שקופים ממתכת כדי ליישר שיניים ולתקן ליקויי סגר.	ʔoʁtodˈontim miʃtamʃˈim beɡʃaʁˈim ʃkufˈim mimatˈeχet kedˈej lejaʃˈeʁ ʃinˈajim veletakˈen likujˈej sˈeɡeʁ.
מטוס הנוסעים החדיש מצויד במנועי סילון שקטים וחסכוניים המפחיתים את זיהום האוויר.	matˈos hanosʔˈim haχadˈiʃ metsujˈad bimnoʔˈej silˈon ʃketˈim veχesχonijˈim hamafχitˈim ʔˈet zihˈum haʔavˈiʁ.
רובוטים תעשייתיים מבצעים פעולות הרכבה חוזרות ונשנות בדיוק מיקרוסקופי וללא כל עייפות.	ʁobˈotim taʔasijatijˈim mevatsʔˈim peʔulˈot haʁkavˈa χozʁˈot veniʃnˈot bedijˈuk mikʁoskˈopi velelˈo kˈol ʔajefˈut.
אימוני קרוספיט משלבים הרמת משקולות אולימפית, התעמלות קרקע ותרגילים אירוביים בעצימות גבוהה.	ʔimunˈej kʁˈosfit meʃalvˈim haʁamˈat miʃkolˈot ʔolˈimpit, hitʔamlˈut kˈaʁkaʔ vetaʁɡilˈim ʔeʁˈobijim beʔetsimˈut ɡvohˈa.
"ספינות משא ענקיות מנווטות באוקיינוסים באמצעות מערכות מכ""ם מתקדמות ותקשורת לוויינית מאובטחת."	"sfinˈot masˈa ʔanakijˈot menavtˈot baʔokjanosˈim beʔemtsaʔˈut maʔaʁaχˈot mak""ˈam mitkadmˈot vetikʃˈoʁet lavjanˈit meʔuvtˈaχat."
המשפט האחרון העסיק מתמטיקאים דגולים במשך מאות שנים עד שהוכח.	hamiʃpˈat haʔaχaʁˈon heʔesˈik matematikaʔˈim dɡulˈim bemˈeʃeχ meʔˈot ʃanˈim ʔˈad ʃehuχˈaχ.
סיבים אופטיים מעבירים נתונים דיגיטליים במהירות האור באמצעות החזרה פנימית גמורה של קרניים.	sivˈim ʔˈoptijim maʔaviʁˈim netunˈim diɡitˈalijim bimhiʁˈut haʔˈoʁ beʔemtsaʔˈut haχzaʁˈa pnimˈit ɡmuʁˈa ʃˈel kaʁnˈajim.
החיסון החדשני מעורר את המערכת החיסונית לייצר נוגדנים ספציפיים נגד נגיף השפעת.	haχisˈun haχadʃanˈi meʔoʁˈeʁ ʔˈet hamaʔaʁˈeχet haχisunˈit lejatsˈeʁ noɡdanˈim spetsifijˈim nˈeɡed naɡˈif haʃapˈaʔat.
הנגר האומן גילף עיטורים מסובכים בעץ אלון מלא בעזרת מפסלות פלדה חדות.	hanaɡˈaʁ haʔumˈan ɡilˈef ʔituʁˈim mesubaχˈim beʔˈets ʔalˈon malˈe beʔezʁˈat mafsalˈot pladˈa χadˈot.
כלבי נחייה עוברים אילוף ממושך וקפדני כדי לסייע לעיוורים להתנייד בבטחה במרחב הציבורי.	kalvˈej neχijˈa ʔovʁˈim ʔilˈuf memuʃˈaχ vekapdanˈi kedˈej lesajˈeʔa laʔivʁˈim lehitnajˈed bevitχˈa bemeʁχˈav hatsibuʁˈi.
קרינת הרקע הקוסמית היא שריד עתיק מהמפץ הגדול שמהדהד ברחבי היקום.	kʁinˈat haʁˈekaʔ hakˈosmit hˈi saʁˈid ʔatˈik mehamapˈats haɡadˈol ʃemehadhˈed beʁaχavˈej hajekˈum.
פילוסופיית הסטואה העתיקה ממליצה על שליטה רגשית וקבלת הגורל בשלוות נפש מוחלטת.	filosˈofjat hastˈoʔa haʔatikˈa mamlitsˈa ʔˈal ʃlitˈa ʁiɡʃˈit vekabalˈat haɡoʁˈal beʃalvˈat nˈefeʃ muχlˈetet.
וכשהתעוררנו מהתרדמת הארוכה, גילינו שהציוויליזציה האנושית נעלמה כליל מפני כדור הארץ.	vekʃehitʔoʁˈaʁnu mehataʁdˈemet haʔaʁukˈa, ɡilˈinu ʃehatsivilizˈatsja haʔenoʃˈit neʔelmˈa kalˈil mipnˈej kadˈuʁ haʔˈaʁets.
האופנוען הנועז ביצע פעלול אקרובטי מסוכן מעל התהום הפעורה בוואדי המדברי.	haʔofnoʔˈan hanoʔˈaz bitsˈeʔa paʔalˈul ʔakʁobˈati mesukˈan meʔˈal hatehˈom hapeʔuʁˈa bawˈadi hamidbaʁˈi.
אסטרטגיית השיווק הדיגיטלית דרשה אופטימיזציה מתמדת של קמפיינים ממומנים ברשתות החברתיות.	ʔastʁatˈeɡjat haʃivˈuk hadiɡitˈalit daʁʃˈa ʔoptimizˈatsja matmˈedet ʃˈel kampˈejnim memumanˈim baʁeʃatˈot haχevʁatijˈot.
הצוות הרפואי בחדר המיון העניק טיפול מציל חיים לפצועי תאונת הדרכים הקשה הלילה.	hatsˈevet haʁefuʔˈi beχadˈaʁ hamijˈun heʔenˈik tipˈul matsˈil χajˈim liftsuʔˈej teʔunˈat hadʁaχˈim hakaʃˈa halˈajla.
סוכני הביון השתמשו במיקרופונים זעירים ומוצפנים כדי להאזין לשיחות של המאפיה האיטלקית בנאפולי.	soχnˈej habijˈun hiʃtamʃˈu bemikʁofonˈim zeʔiʁˈim vemutspanˈim kedˈej lehaʔazˈin lesiχˈot ʃˈel hamˈafja haʔitalkˈit benˈapoli.
הפסיכולוגיה הקוגניטיבית מתמקדת בתהליכי עיבוד מידע, זיכרון לטווח קצר וקבלת החלטות.	hapsiχolˈoɡja hakoɡnitˈivit mitmakˈedet betahaliχˈej ʔibˈud mejdˈaʔ, zikaʁˈon letvˈaχ katsˈaʁ vekabalˈat haχlatˈot.
חוקרי האבולוציה גילו מאובנים המוכיחים את הקשר הביולוגי ההדוק בין דינוזאורים לעופות מודרניים.	χokʁˈej haʔevolˈutsja ɡilˈu meʔubanˈim hamoχiχˈim ʔˈet hakˈeʃeʁ habijolˈoɡi hahadˈuk bˈejn dinozˈaʔuʁim leʔofˈot modˈeʁnijim.
שרברב מוסמך תיקן את הצנרת הפגומה שממנה דלפו מים חלודים למרתף הבניין.	ʃʁavʁˈav musmˈaχ tikˈen ʔˈet hatsanˈeʁet hapgumˈa ʃemimˈena dalfˈu mˈajim χaludˈim lemaʁtˈef habinjˈan.
אנזים הפרוטאז מפרק חלבונים מורכבים במערכת העיכול והופך אותם לחומצות אמינו חיוניות לגוף.	ʔenzˈim hapʁoteʔˈaz mefaʁˈek χelbonˈim muʁkavˈim bemaʔaʁˈeχet haʔikˈul vehofˈeχ ʔotˈam leχumtsˈot ʔamˈino χijunijˈot laɡˈuf.
הקונצנזוס המדעי גורס שפליטת גזי חממה מואצת גורמת לשינויי אקלים דרסטיים ובלתי הפיכים.	hakontsˈenzus hamadaˈʔi ɡoʁˈes ʃeplitˈat ɡazˈej χamamˈa muʔˈetset ɡoʁˈemet leʃinujˈej ʔaklˈim dʁˈastijim vebiltˈi hafiχˈim.
פסטיבל מוזיקת האינדי משך אליו אלפי בני נוער עם אוהלים, גיטרות ושקי שינה.	festivˈal mˈuzikat haʔˈindi maʃˈaχ ʔelˈav ʔalfˈej bnˈej nˈoʔaʁ ʔˈim ʔohalˈim, ɡitˈaʁot vesakˈej ʃenˈa.
אדריכלי הנוף תכננו פארק אקולוגי חדשני עם מערכות טיהור מים ביולוגיות וצמחייה מקומית.	ʔadʁiχalˈej hanˈof tiχnenˈu pˈaʁk ʔekolˈoɡi χadʃanˈi ʔˈim maʔaʁχˈot tihˈuʁ mˈajim bijolˈoɡijot vetsimχijˈa mekomˈit.
הסטארטאפ המקומי פיתח אלגוריתם מתקדם לזיהוי אנומליות ודפוסים חריגים בתעבורת רשת ארגונית.	hastˈaʁtap hamekomˈi pitˈeaχ ʔalɡoʁˈitem mitkadˈem lezihˈuj ʔanomˈaljot vedfusˈim χaʁiɡˈim betaʔavuʁˈat ʁˈeʃet ʔiʁɡunˈit.
אלגברת מטריצות מספקת כלים חישוביים חזקים לפתרון מערכות של משוואות לינאריות מרובות משתנים.	ʔalɡˈebʁat matʁˈitsot mesapˈeket kelˈim χiʃuvijˈim χazakˈim lefitʁˈon maʔaʁaχˈot ʃˈel miʃvaʔˈot lineʔˈaʁijot meʁubˈot miʃtanˈim.
המטבעות העתיקים שנמצאו בכד החרס מתקופת החשמונאים עשויים מכסף טהור ונושאים כתובות נדירות.	hamatbeʔˈot haʔatikˈim ʃenimtseʔˈu bekˈad haχˈeʁes mitkufˈat haχaʃmonaʔˈim ʔasujˈim mikˈesef tahˈoʁ venosʔˈim ktovˈot nediʁˈot.
תיאטרון הפרינג' העלה מחזה אבסורדי שבו השחקנים החליפו תפקידים ומגדרים בסצנות אקראיות.	teʔatʁˈon hafʁˈindʒ heʔelˈa maχazˈe ʔabsˈuʁdi ʃebˈo hasaχkanˈim heχlˈifu tafkidˈim umiɡdaʁˈim bestsenˈot ʔakʁaʔijˈot.
שדרני הרדיו שידרו דיווח חי מזירת האירוע שבה התרחשה תאונת השרשרת הקטלנית בבוקר.	ʃadʁanˈej haʁˈadjo ʃidʁˈu divˈuaχ χˈaj miziʁˈat haʔeʁˈuaʔ ʃebˈa hitʁaχaʃˈa teʔunˈat haʃaʁʃˈeʁet hakatlanˈit babˈokeʁ.
האוטוסטרדה החדשה קיצרה משמעותית את זמני הנסיעה מהפריפריה הצפונית אל המטרופולין הסואן במרכז.	haʔotostʁˈada haχadaʃˈa kitsʁˈa maʃmaʔutˈit ʔˈet zmanˈej hanesiʔˈa mehapeʁifˈeʁja hatsfonˈit ʔˈel hametʁopolˈin hasoʔˈen bameʁkˈaz.
כשהאוטובוס המקרטע הגיע לתחנה המרכזית, הנוסעים המותשים מיהרו לרדת עם המזוודות הכבדות.	kʃehaʔotobˈus hamekaʁtˈeʔa hiɡˈiʔa lataχanˈa hameʁkazˈit, hanosʔˈim hamutaʃˈim mihaʁˈu laʁˈedet ʔˈim hamizvadˈot hakvedˈot.
התרופה ההומיאופתית עוררה ויכוח סוער בקרב הקהילה הרפואית סביב אפקט הפלצבו בניסויים קליניים.	hatʁufˈa hahomeʔopˈatit ʔoʁeʁˈa vikˈuaχ soʔˈeʁ bekˈeʁev hakehilˈa haʁefuʔˈit savˈiv ʔefˈekt haplatsˈebo benisujˈim klˈinijim.
רבנים ופוסקי הלכה התכנסו לדון בסוגיות אתיות הקשורות לשיבוט גנטי והנדסת איברים.	ʁavanˈim vefoskˈej halaχˈa hitkansˈu ladˈun besuɡijˈot ʔetijˈot hakʃuʁˈot leʃibˈut ɡenˈeti vehandasˈat ʔevaʁˈim.
מפיק הטלוויזיה ליהק שחקנים אנונימיים לריאליטי הישרדות אכזרי שצולם על אי טרופי בודד.	mefˈik hatelevˈizja lihˈek saχkanˈim ʔanonimijˈim leʁiʔˈaliti hisaʁdˈut ʔaχzaʁˈi ʃetsulˈam ʔˈal ʔˈi tʁˈopi bodˈed.
