הוא צפה בסרט וראה חיה שצפה במים	hˈu tsˈafa besˈeʁet veʁaʔˈa χajˈe ʃetsˈafa bamˈajim
הוא רצה את זה גם, אבל היא רצה מהר והקדימה אותו	hˈi ʁatsˈa ʔˈet zˈe ɡˈam, ʔavˈel hˈi ʁatsˈa mehˈaʁ vehikdˈima ʔotˈo
בא תרד לאכול, יש בורקס עם תרד	vˈa teʁˈed leʔeχˈol, jˈeʃ buʁˈekas ʔˈam teʁˈed
אחרי שאתה אורז את המזוודה, תבוא לאכול אורז	ʔaχaʁˈaj ʃeʔatˈa ʔˈoʁez ʔˈet hamizvadˈa, tavˈo leʔeχˈol ʔˈoʁez
האם מותר לשתות בירה בעיר הבירה ירושלים?	haʔˈem mutˈaʁ liʃtˈot biʁˈa beʔˈiʁ habiʁˈa jeʁuʃalajˈim?
החיה הזו חיה הרבה מאוד שנים.	haχajˈa hazˈo χajˈe haʁbˈe meʔˈod ʃnˈajim.
גילה אמרה לי שהוא גילה לה את הסוד.	ɡilˈo ʔamʁˈa lˈi ʃehˈu ɡilˈo lˈe ʔˈat hasˈod.
הבוקר יצא לרעות את העדר מוקדם מאוד בבוקר.	habokˈeʁ jatsˈa laʁeʔˈut ʔˈat haʔˈedeʁ mukdˈam meʔˈod bevˈokeʁ.
הם לנו בשטח, כי לא נשאר לנו מקום בבית.	hˈem lanˈu baʃˈetaχ, kˈi lˈo niʃʔˈaʁ lanˈu makˈom babajˈit.
הוא צעד לעבר האופק, ובכל צעד הרגיש את כובד הדרך.	hˈu tsˈaʔad leʔˈeveʁ haʔˈofek, uvχˈol tsaʔˈad hiʁɡˈiʃ ʔˈat kˈoved hadaʁˈeχ.
טלגרם זו אפליקציה ממש נוחה לשימוש.	teleɡʁˈam zˈo ʔaplikˈatsja mamˈaʃ nˈoχa leʃimˈuʃ.
תוכל לכתוב לי בוואצאפ?	tuχˈal liχtˈov lˈi beovʔtsʔˈif?
מערך הסייבר הלאומי הוא גוף טכנולוגי בישראל.	meʔˈeʁeχ hasajbˈeʁ haleʔumˈi hˈu ɡˈuf teχnolˈoɡi bejisʁaʔˈel.
בכל כוס של קולה יש המון סוכר.	vakˈol kˈos ʃˈel kolˈa jˈeʃ hamˈon sukˈaʁ.
אילון מאסק הוא האיש הכי עשיר בעולם.	ʔajalˈon masˈek hˈi haʔˈiʃ haχˈi ʔaʃˈiʁ beʔolˈam.
בסטארטאפ שלנו יש דיילי כל יום שני וחמישי	bastaʔaaʁatʔif ʃelˈanu jˈeʃ dejlˈi χˈl jˈum ʃnˈej vaχamiʃˈi
שלחתי לך לינק חדש לטיקט שפתחתי בגיהטאב	ʃalˈaχti leχˈa linˈok χadˈeʃ lˈatiktˈ ʃepatˈaχti beɡihtˈʔbe
שמתי פלייליסט חדש בספוטיפיי ושיתפתי אותו באינסטגרם	sˈamti plajlˈist χadˈeʃ bespuatjpij veʃitˈafti ʔotˈo beʔinstaɡʁˈam
בוא נשים את זה בקובץ דוקס ונשתף את הצוות	bˈo naʃˈim ʔˈat zˈe bekˈovets doas unʃatˈef ʔˈat hatsˈevet
אנחנו רוצים לעלות לפרודקשן אחרי שנקבל עוד קצת אינפוט	ʔanˈaχnu ʁotsˈim laʔalˈot lifʁˈvedkˈʃn ʔaχaʁˈaj ʃenkabˈel ʔˈod ktsˈat ʔinpot
אני באמת דואג לך ותמיד כאן בשבילך אם תצטרכי עזרה.	ʔanˈi beʔemˈet doʔˈeɡ leχˈa vetamˈid kˈan biʃvilˈeχ ʔˈim titstaʁχˈi ʔezʁˈa.
אני שמח בשבילך ומקווה בשבילך שכל מה שתרצה יקרה	ʔanˈi samˈaχ biʃvilˈeχ umkavˈa biʃvilˈeχ ʃaχˈal mˈa ʃetiʁtsˈe jekaʁˈa
אני בא אליך אחר כך ונשאר אצלך קצת אם מתאים. מה אתה אומר?	ʔanˈi bˈo ʔelˈeχa ʔaχˈaʁ kˈaχ veniʃʔˈaʁ ʔetslˈeχ ktsˈat ʔˈem matʔˈim. mˈe ʔatˈa ʔomˈaʁ?
אני לומד ממך המון ומעריך ממך כל דבר קטן שאתה נותן	ʔanˈi lomˈed mimeχˈa hamˈon umaʔaʁˈiχ mimˈeχ χˈl dabˈeʁ katˈon ʃeʔatˈa notˈen
אני שמח בשבילך ומודה לך על כל מה שאתה עושה	ʔanˈi samˈaχ biʃvilˈeχ umodˈa leχˈa ʔˈal χˈol mˈa ʃeʔatˈa ʔosˈe
אני לומד ממך המון, אתה בן אדם חכם	ʔanˈi lomˈed mimˈeχ hamˈon, ʔatˈa bˈin ʔadˈam χaχˈam
אני שמח בשבילך, אחי	ʔanˈi samˈeaχ biʃvilˈeχ, ʔaχˈaj
אני מתכנן לבוא אלייך מחר ורציתי לדעת אם זה מתאים לך	ʔanˈi metaχnˈen lavˈo ʔelˈajiχ maχˈaʁ veʁatsˈiti ledˈaʔat ʔˈem zˈe matʔˈim leχˈa
אני עומד לצדך ורוצה לשמוע ממך שאתה לא לבד בזה	ʔanˈi ʔomˈed letsidˈeχ veʁotsˈe liʃmˈoa mimχˈa ʃeʔatˈa lˈa levˈad bazˈe
אני עומד לצדך ורוצה לשמוע ממך שאת לא לבד בזה	ʔanˈi ʔomˈed letsidˈeχ veʁotsˈe liʃmˈoa mimeχˈa ʃeʔˈet lˈo levˈad bazˈa
אוריה אמרה לי שהיא אוהבת לטייל בטבע.	ʔuʁijˈa ʔamʁˈa lˈi ʃehˈi ʔohˈevet letajˈel batˈeva.
תהל אמרה שהיא מנסה לעשות יותר הפסקות במהלך היום	tahˈel ʔamʁˈa ʃehˈi menasˈa laʔasˈot jotˈeʁ hafsakˈot bamahalˈaχ hajˈom
רננה סיפרה שהיא מתכננת טיול ארוך אחרי הלימודים	aʁnanh sipʁˈa ʃehˈi metaχnˈenet tijˈul ʔaʁˈoχ ʔaχaʁˈaj halimudˈim
אלירז אמר שהוא מנסה למצוא קצת יותר איזון בחיים	ʔeliʁˈaz ʔomˈeʁ ʃehˈu menasˈe limtsˈo ktsˈat jutˈaʁ ʔizˈun baχajˈim
ינאי כתב שהוא רוצה להתחיל משהו חדש השנה	janˈaj katˈav ʃehˈu ʁotsˈe lehatχˈil mˈaʃehu χadˈaʃ haʃanˈa
אושרה אמרה שהיא מנסה להיות יותר סבלנית עם עצמה	ʔuʃʁˈa ʔamʁˈa ʃehˈi menasˈe lihjˈot jotˈeʁ savlanˈit ʔˈam ʔotsmˈa
שלומי סיפר שהוא התחיל לעבוד על פרויקט חדש והוא מתלהב מזה	ʃlomˈi sipˈeʁ ʃehˈu hitχˈil laʔavˈod ʔˈal pʁojˈekt χadˈaʃ vehˈu mitlahˈev mezˈe
ידידה סיפרה שהיא התחילה ללמוד בטכניון ועברה לגור בחיפה	jedidˈa sipʁˈa ʃehˈi hitχˈila lilmˈod bateχnijˈon veʔavʁˈa laɡˈuʁ beχefˈa
מישהי בעבודה אמרה שהיא שוקלת לעבור לראשון לציון בשביל להיות קרובה למשפחה	mˈiʃehi baʔavodˈa ʔimʁˈa ʃehˈi ʃokˈelet laʔavˈoʁ laʁiʃˈon letsijˈun biʃvˈil lihjˈot kʁovˈa lemiʃpaχˈa
אחד מהחברים אמר שהוא חוזר לגור בעפולה אחרי כמה שנים במרכז	ʔeχˈad mehaχaveʁˈim ʔomˈaʁ ʃehˈu χozˈeʁ laɡˈuʁ baʔafulˈa ʔaχaʁˈaj kamˈea ʃanˈim bemeʁkˈaz
וואלה אח שלי אתה.	valˈa ʔˈaχ ʃelˈi ʔatˈa.
יאללה מתי אתה מגיע?	jˈala metˈej ʔitˈa maɡˈia?
יש שם אווירה ממש סחבקית, כולם מרגישים בבית	jˈeʃ ʃˈem ʔaviʁˈa mamˈaʃ saχbakˈit, kulˈam maʁɡiʃˈim bevˈet
ג'ירפה צעירה רצה לאט ליד אמא שלה ונראתה מאוד שלווה	'ɡˈiaʁfˈh tseʔiʁˈa ʁatsˈa leʔˈat lˈid ʔimˈa ʃelˈa veniʁʔatˈa meʔˈod ʃalvˈa
הזמנתי וויסקי קטן רק בשביל הטעם	hizmˈanti vˈiski ktˈan ʁˈak biʃvˈil hatˈaʔam
הבאתי צ'יפס חם ופריך, והוא נגמר תוך דקה.	hevˈeti 'tsiifs χˈom opʁiχˈa, vehˈu niɡmˈaʁ tˈoχ dakˈa.
שרה שרה שיר שמח	ʃˈaʁa ʃˈaʁa ʃˈiʁ samˈaχ
שמתי ז'קט כי נהיה קצת קר.	sˈamti 'zˈeket χˈi nihjˈe ktsˈat kˈaʁ.
בבוקר הכנתי ג'חנון ואכלנו כולנו ביחד	bevˈokeʁ heχˈanti 'ɡχaanˈojin veʔaχˈalnu kulˈanu bejaχˈad
הוא קנה לעצמו ג'ויסטיק חדש למשחקים	hˈu kanˈe leʔatsmˈo 'ɡoˈiistˈik χadˈeʃ lamisχakˈim
הצלחת הזו נראית ממש יפה.	hatslaχˈat hazˈo niʁʔˈejt mamˈaʃ jafˈe.
אני יודע לנסוע באופניים.	ʔanˈi jodˈea linsˈoa baʔofanajˈim.
איזה שמיים יפים וכחולים.	ʔˈejze ʃamajˈim jafˈim ukˈaχoalˈm.
אתה צורח וזה כואב לי באוזניים.	ʔotˈa tsoʁˈeaχ vezˈe koʔˈev lˈi baʔoznajˈim.
נכנסתי למטבח רק לקחת מים ובסוף מצאתי את עצמי מכין ארוחה שלמה	niχnˈasti lamitbˈaχ ʁˈak lakˈaχat majˈim uvsˈof matsˈati ʔˈet ʔatsmˈi meχˈin ʔaʁuχˈa ʃlemˈa
אמרתי לעצמי שאני רק אבדוק רגע את הטלפון ובסוף עבר חצי שעה	ʔamˈaʁti leʔatsmˈi ʃeʔanˈi ʁˈak ʔevdˈok ʁˈeɡa ʔˈat hatˈelefon uvsˈof ʔavˈoʁ χitsˈej ʃaʔˈa
הייתי בטוח שיש לי עוד זמן ואז גיליתי שהשעה כבר מאוחרת	hajˈiti batˈuaχ ʃˈajiʃ lˈi ʔˈud zmˈan veʔˈaz ɡilˈiti ʃehaʃaʔˈa kvˈaʁ meʔuχˈeʁet
באתי רק להגיד שלום ונשארתי הרבה יותר ממה שתכננתי	bˈati ʁˈak lehaɡˈid ʃlˈom veniʃʔˈaʁti haʁbˈe jotˈeʁ mimˈa ʃetiχnˈanti
שמתי תזכורת ולא הבנתי איך בכל זאת הצלחתי לשכוח	sˈamti tizkˈoʁet velˈo havanatˈi ʔˈejχ vakˈol zˈot hitslˈaχti liʃkˈoaχ
היה לי רגע קצר של שקט והוא נתן לי מלא כוח	hajˈo lˈi ʁˈeɡa katsˈaʁ ʃˈel ʃˈeket vehˈu nitˈan lˈi melˈe kˈoaχ
עשיתי שינוי קטן בשגרה והוא נתן לי תחושה ממש טובה	ʔasˈiti ʃinˈuj ktˈan baʃiɡʁˈa vehˈu notˈen lˈi tχuʃˈa mamˈaʃ tovˈa
פגשתי במקרה מישהו שלא ראיתי הרבה זמן וזה עשה לי את היום	paɡˈaʃti bamikʁˈe mˈiʃehu ʃelˈo ʁaʔˈiti haʁbˈe zmˈan vezˈe ʔasˈe lˈi ʔˈat hajˈom
ישבתי לנוח דקה על הספה ובלי לשים לב נרדמתי	jaʃˈavti lanˈuaχ dakˈa ʔˈal hasapˈa ˈuvli lasˈim lˈev niʁdˈamti
קבעתי להגיע בזמן אבל פקקים הרסו לי את כל התוכנית	kavˈaʔti lehaɡˈia bazmˈan ʔavˈel pkakˈim haʁsˈu lˈi ʔˈat χˈol hatoχnˈit
הקשבתי לעצמי הפעם וזה עבד לי ממש טוב	hikʃˈavti leʔatsmˈi hapˈaʔam vezˈe ʔabˈed lˈi mamˈaʃ tˈov
הלכתי על משהו קטן ויצא ממנו משהו גדול וטוב	hilχatˈi ʔˈal mˈaʃehu ktˈan vejatsˈa mimˈenu maʃˈehu ɡadˈol vetˈov
ניסיתי להסביר את עצמי ופשוט הסתבכתי יותר עם כל מילה	nisˈiti lehasbˈiʁ ʔˈat ʔatsmˈi ufaʃˈut histabˈaχti jotˈeʁ ʔˈam χˈol milˈa
עשיתי משהו בשביל עצמי והרגשתי שזה בדיוק מה שהייתי צריך	ʔasˈiti mˈaʃehu biʃvˈil ʔatsmˈi vehiʁɡˈaʃti ʃezˈe bedijˈuk mˈa ʃehajˈiti tsaʁajˈiχ
חשבתי שזה יהיה משהו קטן ופשוט וזה יצא הרבה יותר מורכב	χaʃˈavti ʃezˈe jihjˈe maʃˈehu katˈon ufaʃˈut vazˈe jetsˈe hiʁbˈa jutˈaʁ muʁkˈav
רציתי יום שקט בבית ובסוף כל היום היה מלא התעסקויות	ʁatsˈiti jˈum ʃˈeket bevˈet uvasˈof χˈol hajˈom hejˈe melˈe hitʔaskujˈot
אמרתי שאקום מוקדם ובסוף גררתי את עצמי מהמיטה	ʔamˈaʁti ʃeʔakˈum mukdˈam uvasˈof ɡaʁˈaʁti ʔˈet ʔatsmˈi mehamitˈa
לא ציפיתי לכלום ובכל זאת היום התמלא ברגעים יפים	lˈo tsipˈiti liχlˈum uvχˈol zˈot hajˈom hitmalˈe baʁɡaʔˈim jafˈim
הייתי בטוח שאני מבין מה קורה ואז הכל הסתבך לי	hajˈiti batˈuaχ ʃeʔanˈi mibˈen mˈa koʁˈa veʔˈaz hakˈol histabˈeχ lˈi
חשבתי שזה עוד יום רגיל ויצאה ממנו תחושה מדהימה	χaʃˈavti ʃezˈe ʔˈud jˈum ʁaɡˈil vejatsʔˈa mimˈenu tχuʃˈa madhimˈa
שמתי תזכורת ולא הבנתי איך בכל זאת הצלחתי לשכוח	sˈamti tizkˈoʁet velˈo havanatˈi ʔˈejχ vakˈol zˈot hitslˈaχti liʃkˈoaχ
ניסיתי להיות רציני ובאיזשהו שלב זה כבר הפך לבדיחה	nisˈiti lihjˈot ʁetsinˈi uvʔejzeʃehˈu ʃlˈav zˈe kvˈaʁ hafˈaχ livdiχˈa
חשבתי שאני מוכן להכל ואז הגיע משהו שלא צפיתי	χaʃˈavti ʃeʔanˈi muχˈan lχˈl veʔˈaz hiɡˈia mˈaʃehu ʃelˈo tsafˈiti
פגשתי אנשים טובים והם פשוט עשו לי את היום	paɡˈaʃti ʔanaʃˈim tovˈim vehˈem pʃˈot ʔesˈav lˈi ʔˈat hajˈom
עשיתי צעד קטן והוא הרגיש כמו התקדמות גדולה	ʔasˈiti tsˈaʔad ktˈan vehˈu haʁaɡˈiʃ kmˈo hitkadmˈut ɡdolˈa
היה לי רגע קצר של שקט והוא נתן לי מלא כוח	hajˈo lˈi ʁˈeɡa katsˈaʁ ʃˈel ʃˈeket vehˈu nitˈan lˈi melˈe kˈoaχ
קניתי משהו קטן ובסוף זה גרר עוד מיליון דברים מסביב	kanˈiti mˈaʃehu katˈon uvasˈof zˈo ɡaʁˈaʁ ʔˈod miljˈon dvaʁˈim misvˈiv
הבטחתי לעצמי להיות רגוע ואז מישהו לחץ לי על העצבים	hivtˈaχti leʔatsmˈi lihjˈot ʁaɡˈua veʔˈaz mˈiʃehu lˈaχats lˈi ʔˈal haʔatsavˈim
חשבתי לעשות הפסקה קצרה ופתאום עבר חצי יום	χaʃˈavti laʔasˈot hapiskˈa katsʁˈa ufitʔˈom ʔavˈaʁ χitsˈej jˈum
ישבתי לחשוב רגע ובלי לשים לב כבר הייתי עמוק בתוך זה	jaʃˈavti leχaʃˈuv ʁˈeɡa ˈuvli lasˈim lˈev kvˈaʁ hajˈiti ʔamˈok betˈoχ zˈo
אמרתי שהפעם אני באמת מתארגן בזמן ובסוף שוב מיהרתי	ʔamˈaʁti ʃehapaʔˈam ʔanˈi beʔemˈet mitʔaʁɡˈen bazmˈan uvasˈof ʃˈuv mihˈaʁti
אמרתי לעצמי להיות רגוע ופשוט נהניתי מכל רגע	ʔamˈaʁti leʔatsmˈi lihjˈot ʁaɡˈua ufaʃˈut nehenˈeti mikˈol ʁˈeɡa
לא תכננתי כלום והיום התמלא בדברים טובים מעצמם	lˈa tiχnˈanti χlˈum vehajˈom hitmalˈe bidvaʁˈim tovˈim meʔatsmˈam
נכנסתי לשיחה סתם בכאילו ובסוף יצא דיבור ממש עמוק	niχnˈasti lasiχˈa stˈam biχeʔˈilu uvasˈof jetsˈe dibˈuʁ mamˈaʃ ʔamˈok
היה לי תכנון ברור ואז המציאות פשוט צחקה לי בפנים	hejˈe lˈi tiχnˈun baʁˈuʁ veʔˈaz hamtsiʔˈot paʃˈut tsaχakˈa lˈi bifnˈim
ניסיתי לעשות את זה פשוט ובדרך איכשהו זה נהיה מסובך יותר	nisˈiti laʔasˈot ʔˈat zˈe paʃˈut uvadˈeʁeχ ʔejχʃehˈu zˈe nihjˈa mesubˈaχ jutˈaʁ
התעוררתי עם אנרגיות טובות והכול פשוט זרם לי היום	hitʔoʁˈaʁti ʔˈam ʔenˈeʁɡijot tovˈot vehakˈol pʃˈot zaʁˈam lˈi hajˈom
קבעתי לצאת רק קצת והיום הפך למלא חוויות טובות	kavˈaʔti latsˈet ʁˈak ktsˈat vehajˈom hafˈaχ lemalˈe χavajˈot tovˈot
נפגשנו סתם לכוס קפה ויצאה שיחה ממש נעימה	nifɡˈaʃnu stˈam leχˈos kafˈe vejatsʔˈa siχˈa mamˈaʃ neʔimˈa
הייתי בטוח שזה יהיה רגיל ויצא הרבה יותר טוב ממה שציפיתי	hajˈiti batˈuaχ ʃezˈe jihjˈe ʁaɡˈil vejetsˈe haʁabˈa jotˈeʁ tˈuv mimˈa ʃetsipˈiti
יצאתי להליכה קצרה וחזרתי עם חיוך גדול על הפנים	jatsˈati lahaliχˈa katsʁˈa veχazˈaʁti ʔˈam χijˈuχ ɡdˈol ʔˈol hifnˈim
עשיתי משהו קטן בשביל מישהו וקיבלתי פי כמה חזרה בלב	ʔasˈiti mˈaʃehu katˈon biʃvˈil mˈiʃehu vekibˈalti fˈi kamˈa χazaʁˈa belˈev
חשבתי שזה יום רגוע והוא הפך ליום ממש כיף	χaʃˈavti ʃezˈe jˈom ʁaɡˈua vehˈu hafˈaχ lajˈom mamˈaʃ kˈef
עשיתי הפסקה קטנה והיא נתנה לי בוסט מטורף להמשך	ʔasˈiti hapiskˈa ktanˈa vehˈi nitnˈa lˈi bevˈest metoʁˈaf lahemʃˈeχ
הלכתי בלי ציפיות ויצאתי עם תחושה ממש טובה	hilχatˈi blˈi tsipijˈot vejatsˈati ʔˈim tχuʃˈa mamˈaʃ tovˈa
השקעתי קצת זמן ופתאום הכול הסתדר בצורה מושלמת	hiʃkˈaʔti ktsˈat zmˈan ufitʔˈom hakˈol histadˈeʁ batsuʁˈa muʃlˈemet
טלסקופ החלל החדש צילם גלקסיות ספירליות במרחק עצום ממערכת השמש שלנו.	teleskˈop heχalˈal heχadˈaʃ tsilˈem iɡlksˈijˈot isfilaʁˈaljˈot bemeʁχˈak ʔatsˈum mimaʔaʁˈeχet haʃˈemeʃ ʃelˈanu.
השף הצרפתי הכין פונדו גבינות מבעבע עם צ'יפס פריך וקרוטונים מתובלים.	haʃˈef hatsaʁfatˈi heχˈin ponˈdu ɡvinˈot mevaʔbˈea ʔˈam 'tsiifs paʁˈiχ ukʁˈutonim metubalˈim.
האלגוריתם המתוחכם הצליח לפענח הצפנה קוונטית בזמן אמת ללא שגיאות מערכת.	haʔalɡoʁˈitm hamtuχkˈam hitslˈiaχ lefaʔnˈeaχ hatspanˈa kuonatjˈt bazmˈan ʔamˈat lelˈo ʃɡiʔˈot maʔaʁˈeχet.
הארכיאולוגים גילו בחפירות פסיפס ביזנטי עתיק ונדיר שנשתמר בצורה יוצאת דופן.	haʔaʁχeʔolˈoɡim ɡilˈu baχafiʁˈot psefˈas bizantˈi ʔatˈik venadˈiʁ ʃnˈʃitmʁ batsuʁˈa jotsˈet dˈofen.
האינפלציה הדוהרת השפיעה דרמטית על שוק המניות והובילה לקריסת בנקים מקומיים.	haʔinflˈatsja hadohˈeʁet hiʃpˈiʔa dʁamˈatit ʔˈal ʃˈok hamnajˈot vehovˈila likʁisˈat bˈankim mekomijˈim.
הסופר פרסם אנתולוגיה מרתקת של סיפורי מדע בדיוני ופנטזיה אפלה לנוער.	hasˈupeʁ piʁsˈem ʔaanˈtaoluɡia meʁatˈeket ʃˈal sipuʁˈi madˈa bedijunˈej ufantˈazja ʔafelˈa lenˈoʔaʁ.
הדוגמנית לבשה ז'קט קטיפה בצבע בורדו עם אקססוריז נוצצים ונעלי עקב.	haduɡmanˈit lavʃˈa 'zˈeket ktifˈa batsˈeva baueʁdˈo ʔˈam ʔakˈssuaʁz notstsˈim venaʔalˈej ʔˈekev.
הפיורדים בנורווגיה מציעים נופים עוצרי נשימה של הרים תלולים ומים צלולים.	hafjˈoʁdim vnuaʁuoia matsiʔˈim nofˈim ʔotsʁˈej neʃimˈa ʃˈel haʁˈim itlˈoliim umajˈim tslulˈim.
הקואליציה והאופוזיציה ניהלו עימות סוער בוועדת החוקה סביב הרפורמה המשפטית החדשה.	hakoʔalˈitsja vehaʔopozˈitsja nihalˈu ʔimˈut soʔˈeʁ bevaʔadˈat haχukˈa savˈiv haʁefˈoʁma hamiʃpatˈit haχadaʃˈa.
הפסיכיאטר רשם תרופה אנטיביוטית ופסיכואקטיבית לטיפול בתסמינים כרוניים של חרדה חברתית.	hapsiχiʔˈateʁ ʁaʃˈam tʁufˈa ʔantibijotˈit opsˈikoaktiviat letipˈul betasminˈim kʁˈonijim ʃˈel χaʁadˈa χevʁatˈit.
גורדי השחקים במטרופולין תוכננו על ידי ארכיטקט מפורסם בסגנון פוסט מודרני.	ɡoʁdˈi haʃχakˈim bametʁopolˈin tuχnnˈu ʔˈal jadˈi ʔaʁχitˈekt mefuʁsˈam basiɡnˈon pˈost modˈeʁni.
המנוע ההיברידי של הרכב מאפשר חיסכון אנרגטי משמעותי והפחתת זיהום האוויר.	hamanˈoa hahibʁidˈi ʃˈel heʁkˈev meʔafʃˈeʁ χisaχˈon ʔeneʁɡetˈi maʃmaʔutˈi vehafχatˈat zihˈum haʔavˈiʁ.
התערוכה במוזיאון מציגה פורטרטים אבסטרקטיים שנוצרו בטכניקות מעורבות של צבעי שמן.	hataʔaʁuχˈa bamuzeʔˈon matsiɡˈa poʁatʁˈtim ʔabstʁˈaktijim ʃenotsʁˈu betˈeχnikot meʔoʁavˈot ʃˈel tsivʔˈej ʃamˈen.
הווטרינר בדק את התוכי המדבר והמליץ על תזונה עשירה בוויטמינים ומינרלים.	haeteʁinˈaʁ badˈak ʔˈat hatukˈi hamdabˈeʁ vehimlˈits ʔˈal tzunˈa ʔaʃiʁˈa bevitamˈinim umineʁˈalim.
מטאורולוגים חזרו וצפו סופת הוריקן עוצמתית שתפגע בערי החוף בשבוע הבא.	imtˈʔauʁulˈoɡm χazʁˈu vetsˈafu sufˈat hoʁikˈan ʔotsmatˈit ʃetifɡˈa beʔaʁˈej haχˈof baʃavˈua habˈa.
הבמאי זכה בפרס האוסקר על סרט דוקומנטרי העוסק במשבר האקלים העולמי.	habamˈaj zaχˈa bifʁˈas haʔˈoskaʁ ʔˈal sˈeʁet dokumentˈaʁi haʔosˈek bemaʃbˈeʁ haʔaklˈim haʔolamˈi.
השחקנים התחברו לשרת וניהלו קרב אסטרטגי וירטואלי מול מפלצות פנטסטיות אימתניות.	hasaχkanˈim hitχabʁˈu leʃaʁˈet venihalˈu kʁˈav ʔastʁateɡˈi viʁtuʔˈali mˈul miflatsˈot fantˈastijot ʔejmtanijˈot.
האקזיסטנציאליזם מתמקד במשמעות הקיום האנושי, חופש הבחירה ואחריות אישית בעולם אבסורדי.	haʔakazˈiistentsiʔˈlizˈim mitmakˈed bamaʃmaʔˈut hakijˈum haʔenoʃˈi, χˈofeʃ habχiʁˈa veʔaχʁajˈut ʔiʃˈit baʔolˈam ʔabsˈuʁdi.
הפונטיקה עוסקת בחקר החיתוך, ההפקה והתפיסה של צלילי השפה המדוברת בפינו.	hapunˈatika ʔosˈeket beχˈekeʁ haχitˈuχ, hahafakˈa vehatfisˈa ʃˈal tslilˈej hasafˈa hamdubˈeʁet befinˈu.
תיאוריית הדיסוננס הקוגניטיבי מסבירה את הקונפליקט הפנימי הנוצר עקב אמונות סותרות.	teʔˈoʁjat hadisonˈans hakoɡnitˈivi masbiʁˈa ʔˈet hakonflˈikt hapnimˈi hanotsˈaʁ ʔakˈev ʔemunˈot sotʁˈot.
עורך הדין הציג תקדים משפטי מורכב ששינה את החלטת חבר המושבעים.	ʔoʁχˈa hadˈin hitsˈiɡ takdˈim miʃpatˈaj muʁkˈav ʃeʃinˈa ʔˈat heχlˈatta χavˈaʁ hamuʃbaʔˈim.
תורת היחסות של איינשטיין חוללה מהפכה בהבנתנו את המרחב, הזמן והכבידה.	toʁˈat hajaχasˈut ʃˈel ʔajnʃtˈejn χollˈa mahpeχˈa bahavanatˈenu ʔˈat hameʁχˈav, hazmˈan vehakvidˈa.
תגובה אקסותרמית מתרחשת כאשר חומרים כימיים מתרכבים ומשחררים אנרגיית חום לסביבה.	tɡuvˈa ʔaksutʁmˈit mitʁaχˈeʃet kaʔaʃˈeʁ χomaʁˈim kˈimijim imitʁˈkvim umʃaχʁʁˈim ʔenˈeʁɡijat χˈum lisvivˈa.
הפדגוגיה המודרנית דוגלת בלמידה חווייתית המותאמת אישית לצרכים הקוגניטיביים של התלמיד.	hapedaɡˈoɡja hamodˈeʁnit doɡˈelet bilmidˈa χavajatˈit hamutʔˈemet ʔiʃˈit latsʁaχˈim hakoɡnitˈivijim ʃˈel hatalmˈid.
הקברניט הודיע לנוסעים על מערבולות אוויר פתאומיות וביקש לחגור חגורות בטיחות.	hakabaʁnˈit hodˈia lanosʔˈim ʔˈal emʔˈeʁavˈalˈoit ʔavˈiʁ pitʔomijˈot uvikˈeʃ laχɡˈoʁ χaɡoʁˈot betiχˈut.
הפוטוסינתזה היא תהליך קריטי בו צמחים מייצרים פחמימות בעזרת אנרגיית השמש.	hafotosintˈeza hˈi tahalˈiχ kʁˈiti vˈo tsmaχˈim mejatsʁˈim paχmemˈot beʔezʁˈat ʔenˈeʁɡijat haʃamˈeʃ.
הגיאומטריה האנליטית משלבת אלגברה מופשטת כדי לפתור משוואות של עקומות ופונקציות.	haɡeʔomˈetʁija haʔanalˈitit meʃalˈevet ʔˈalɡebʁa mufʃˈetet kedˈej liftˈoʁ miʃvaʔˈot ʃˈel ʔakumˈot ufunktsˈijot.
הצוללת הרובוטית חקרה את שונית האלמוגים וגילתה מינים אקזוטיים של רכיכות.	hatsolˈelet hˈeʁovˈutjt χakʁˈa ʔˈet ʃunˈit haʔalmuɡˈim veɡiltˈa minˈim ʔekzˈotijim ʃˈel ʁakiχˈot.
השחקנית הראשית ביצעה מונולוג דרמטי ומרגש שסחט מחיאות כפיים סוערות מהקהל.	hasaχkanˈit haʁeʃˈit bitsʔˈa monolˈoɡ dʁamˈati umʁaɡˈeʃ ʃesaχˈat meχiʔˈot kapajˈim soʔaʁˈot mehakahˈal.
מיחזור פסולת אלקטרונית מסייע בהפחתת פליטת גזי חממה ושמירה על הביוספרה.	miχzˈuʁ psˈolet ʔelektʁˈonit mesajˈea behafχatˈat plitˈat ɡazˈej χamamˈa uʃmiʁˈa ʔˈal hbeiosfʁh.
תהליך הסוציאליזציה משפיע על הדרך בה אינדיבידואלים רוכשים נורמות וערכים תרבותיים.	tahalˈiχ hasotsjalizatsjˈa maʃpˈia ʔˈal hadˈeʁeχ bˈa ʔindividuʔˈalim ʁoχʃˈim nˈoʁmot vaʔaʁaχˈim taʁbutijˈim.
הטקסטים האפוקליפטיים בתיאולוגיה העתיקה מתארים חזונות מיסטיים על קץ הימים והגאולה.	hatekstˈim haʔapokalˈiptijim beteʔoloɡjˈa haʔatikˈa metaʔaʁˈim χazonˈot mˈistijim ʔˈal kˈets hajamˈim vehaɡeʔulˈa.
דיאטנים ממליצים על צריכת קטניות, דגנים מלאים ופרוביוטיקה לשמירה על המיקרוביום.	diʔetanˈim mamlitsˈim ʔˈal tsʁiχˈat kitnijˈot, dɡanˈim meleʔˈim upʁˈuvjutikha liʃmiʁˈa ʔˈal hamikʁˈuvjom.
האומן יצר כלי קרמיקה דקורטיביים בעזרת אבנים, חימר טבעי וגלזורה צבעונית.	haʔomˈan jatsˈaʁ χlˈi keʁˈamika dekoʁatˈivijim beʔezʁˈat ʔavanˈim, χemˈaʁ tivʔˈi veɡlzoʁa tsivʔonˈit.
האסטרונאוטים בתחנת החלל הבינלאומית מבצעים ניסויים בתנאי חוסר כבידה שמשפיעים על הפיזיולוגיה.	haʔastʁonˈaʔutim betaχanˈat heχalˈal habenlʔumˈit mivtsaʔˈim nisujˈim bitnaʔˈej χˈoseʁ kvidˈa ʃemaʃpiʔˈim ʔˈal hafizjoloɡjˈa.
החוקרים תיעדו שבטים ילידיים החיים בבידוד מוחלט ביערות האמזונס.	haχokʁˈim tiʔadˈu ʃvatˈim jelidijˈim haχajˈim bevidˈud muχlˈat biʔaʁˈot heʔamazonˈas.
חוקרי הגנטיקה פענחו את הרצף המורכב כדי לאתר מוטציות תורשתיות נדירות.	χokʁˈej haɡenˈetika piʔnχˈu ʔˈat haʁˈetsef hamuʁkˈav kedˈej leʔatˈeʁ mutˈatsjot toʁaʃtijˈot nediʁˈot.
המיזם הטכנולוגי גייס הון סיכון אדיר לפיתוח פלטפורמה אינטראקטיבית מבוססת אלגוריתמים.	hamezˈam hateχnolˈoɡi ɡijˈes hˈon sikˈun ʔadˈiʁ lefitˈuaχ platfˈoʁma ʔinteʁʔaktˈivit mevusˈeset ʔalɡoʁˈitmim.
המהנדסים תכננו גשר תלוי עם כבלי פלדה שיעמוד ברעידות אדמה חזקות.	hamhandsˈim tiχnˈanu ɡˈeʃeʁ talˈvi ʔˈam kavlˈej pladˈa ʃejaʔamˈod biʁʔidˈot ʔadamˈe χazakˈot.
התיירים סיירו בטירה הסקוטית ושמעו אגדות אורבניות על רוחות רפאים עתיקות.	hatajaʁˈim sijʁˈu betiʁˈa askotita veʃamʔˈu ʔaɡadˈot ʔuʁbˈanijot ʔˈal ʁuχˈot ʁefaʔˈim ʔatikˈot.
הכוריאוגרף שילב אלמנטים של בלט קלאסי, היפ-הופ וריקוד מודרני במופע.	hχoʁieoɡʁf ʃilˈev ʔelementˈim ʃˈel balˈet klasˈi, -aifˈhaap veʁikˈud modˈeʁni bemofˈa.
איסוף בולים דורש סבלנות, פינצטה עדינה וזכוכית מגדלת לבחינת הפרטים.	ʔisˈuf bulˈim doʁˈeʃ savlanˈut, pintsˈeta ʔadinˈa uzχuχˈit meɡadˈelet livχinˈat hapʁatˈim.
מטבעות קריפטוגרפיים מבוזרים מאובטחים באמצעות בלוקצ'יין וחוזים חכמים נגד מתקפות סייבר.	matbʔˈot kʁftuɡʁfijˈ mevuzaʁˈim meʔuvtaχˈim beʔemtsaʔˈut vlukatsjˈan' veχozˈim χaχamˈim nˈeɡed mitkfˈot sajbˈeʁ.
דיונונים ענקיים משתמשים בהסוואה אופטית ובזרועות שריריות כדי לצוד במעמקי האוקיינוס.	deononjˈ ʔanakijˈim miʃtamʃˈim behasvaʔˈa ʔˈoptit uvizʁoʔˈot iʃʁiʁut χedˈej latsˈud bemaʔamakˈej haʔokjanˈos.
האפידמיולוגים עקבו אחר התפשטות הנגיף המוטנטי באמצעות בדיקות סרולוגיות וריצוף גנטי.	haʔˈpidmˈiolˈoɡam ʔakvˈu ʔaχˈeʁ hitpaʃtˈut hanɡˈif hamaotˈeenati beʔemtsaʔˈut bdikˈot seʁoloɡijˈot veʁˈiitsvef ɡenˈeti.
מסוקי האפאצ'י המתקדמים ביצעו תמרונים אווירובטיים מסובכים מעל בסיס חיל האוויר בדרום.	masokˈej eʔˈfʔatsjˈ' hamitkadmˈim bitsʔˈu timʁunˈim ʔuveeʁauvtˈijˈ mesubaχˈim meʔˈal bsˈis χˈil haʔavˈiʁ bidʁˈom.
אימפריית האינקה ניהלה רשת דרכים מסועפת בהרי האנדים למרות היעדר גלגלים.	ʔimpˈeʁjat haʔinkˈa nihalˈa ʁˈeʃet dʁaχˈim mesoʔˈefet behaʁˈej haʔanadˈem lamʁˈot heʔadˈeʁ ɡalɡalˈim.
תיבת ההילוכים האוטומטית הרציפה משפרת את ההאצה ומקטינה את צריכת הדלק.	tevˈat hahailˈvkiem haʔotomˈatit haʁtsifˈa meʃapˈeʁet ʔˈat haheʔatsˈa umaktinˈa ʔˈat tsʁiχˈat hadˈelek.
הלטאה מסוגלת להניע כל עין בנפרד ולשגר לשון דביקה במהירות.	haltaʔˈa mesuɡˈelet lehanˈia χˈl ʔˈajin bnifʁˈad ulʃaɡˈeʁ laʃˈon dvikˈa bamhiʁˈut.
חלקיקים חסרי מסה כמעט חולפים דרך כדור הארץ ללא שום אינטראקציה.	χelkikˈim χasʁˈej mˈasa kimʔˈat χolfˈim dˈeʁeχ kedˈoʁ haʔeʁˈets lelˈo ʃˈum ʔinteʁʔˈaktsija.
סרטי אנימציה ממוחשבים דורשים חוות שרתים עצומות לרינדור גרפי של טקסטורות מורכבות.	siʁtˈej ʔanimˈatsja memuχʃavˈim doʁʃˈim χavot ʃaʁatˈim ʔatsumˈot lʁnduʁ ɡʁˈafi ʃˈel tiistueʁjˈot muʁkavˈot.
צמחים טורפים נסגרים ברגע שחרק נוגע בשערות החישה הזעירות.	tsmaχˈim toʁfˈim nisɡaʁˈim baʁˈeɡa ʃeχaʁˈak noɡˈea basʔaʁˈot aχieʃeha aezʔaiʁjˈot.
קניונים גיאולוגיים עמוקים נוצרים לאורך מיליוני שנים עקב שחיקה של זרמי נהרות.	kanjonˈim ɡeʔoloɡijˈim ʔamukˈim notsʁˈim leʔoʁˈeχ miljonˈej ʃnˈajim ʔˈekev ʃχikˈa ʃˈel ziʁmˈej nahaʁˈot.
כרומטוגרפיה נוזלית יעילה משמשת להפרדת תרכובות אורגניות בתעשיית התרופות והקוסמטיקה המודרנית.	kʁoemtuɡʁˈfie nozlˈit jeʔilˈa meʃamˈeʃet lehafʁadˈat tiʁkovˈot ʔoʁɡˈanijot betaʔasijˈat hatʁufˈot ohakveismtkˈha hamodˈeʁnit.
הדרקון המיתולוגי ירק אש קטלנית ומרחף מעל טירת האבירים העתיקה באירופה.	hadʁakˈon hamitolˈoɡi jˈeʁek ʔˈeʃ katlanˈit umʁaχˈef meʔˈal tiʁˈat haʔabiʁˈim heʔtˈika beʔejʁopˈa.
ממשק המשתמש האינטראקטיבי באפליקציה תוכנן בקפידה כדי להעניק חווית ניווט אינטואיטיבית וחלקה.	mimˈeʃek hamiʃtamˈeʃ aeinatʁʔakˈativjˈ baʔaplikˈatsja tuχnˈan bikfidˈa χedˈej lehaʔanˈik χavajˈat nivˈut ʔintuʔitˈivit vaχalakˈa.
השחקנים החסונים התנגשו בעוצמה במהלך משחק הגמר הדרמטי באצטדיון הלאומי הומה האדם.	hasaχkanˈim haχasonˈim hitnaɡʃˈu beʔotsmˈa bamahalˈaχ mesaχˈek haɡmˈaʁ hadʁamˈati beʔitstadjˈon haleʔumˈi homˈe haʔadˈam.
פיסול ברונזה קלאסי דורש יציקת מתכת מותכת לתבניות שעווה נמסות בטמפרטורות גבוהות.	pisˈul bʁˈonza klasˈi doʁˈeʃ jetsikˈat matˈeχet mutˈeχet letavnijˈot ʃaʔavˈa nmsuit batempeʁatˈuʁot ɡvohˈot.
הקרטל הבינלאומי של יצרניות הנפט מניפולטיבי ומשפיע משמעותית על תנודות המחירים בשוק.	hakaʁtˈel habenlʔumˈi ʃˈal jatsʁanijˈot hanˈeft manipulatˈivi umaʃpˈia maʃmaʔutˈit ʔˈol tnudˈot hamχiʁˈim beʃˈuk.
כלבי תחש גזעיים נוטים לסבול מבעיות אורתופדיות בעמוד השדרה עקב מבנה גופם הארוך.	kalvˈej ˈχˈʃˈ ɡizʔijˈim notˈim lisbˈol mibeʔajˈot ʔoʁtopedijˈot baʔamˈud haʃidʁˈa ʔakˈev mivnˈe ɡufˈam haʔaʁˈoχ.
טיפול קוגניטיבי התנהגותי מסייע למטופלים לזהות ולשנות דפוסי חשיבה דפרסיביים וחרדתיים.	tipˈul koɡnitˈivi hitnahaɡutˈi mesajˈea lamtupalˈim lezahˈot ulʃanˈot dfusˈej χaʃivˈa dpʁsˈiviim uχˈʁdˈtijˈ.
הקונגרס האמריקאי אישר תקציב פדרלי אסטרונומי לשיקום תשתיות ופיתוח פרויקטים סביבתיים ירוקים.	hakonɡʁˈes haʔameʁikaʔˈi ʔiʃˈeʁ taktsˈiv fedeʁalˈi ʔastʁonˈomi leʃikˈum taʃtijˈot ufitˈuaχ pʁojˈektim svivatijˈim jeʁukˈim.
מעצבת האופנה שילבה בדים סינתטיים ממוחזרים בקולקציית האביב שהוצגה בפריז.	meʔatsˈevet haʔofnˈa ʃilvˈa badˈim sintˈetijim memuχzaʁˈim bekˈolekatsjˈˈit haʔavˈiv ʃehutsɡˈa befaʁˈiz.
סופות רעמים טרופיות מלוות בברקים מסנוורים, מטחי ברד כבדים ומשבי רוח עזים במיוחד.	sufˈot ʁeʔamˈim tʁˈopijot milvˈot bebeeʁaikˈem mesunvaʁˈim, matχˈej baʁˈad kvedˈim umʃˈbejˈ ʁˈuaχ ʔizˈim bimjuχˈad.
אמן האשליות ביצע טריק טלפתיה מדהים שהשאיר את הקהל הסקפטי המום לחלוטין.	ʔamˈen haʔaʃlajˈot bitsˈea tʁˈik tlaftˈiha madhˈim ʃehiʃʔˈiʁ ʔˈat hakahˈal asekpˈtj hamˈum laχalutˈin.
הטרנזיסטורים הזעירים במעבד המחשב פועלים כמתגים אלקטרוניים זעירים המעבדים מידע בינארי.	aataʁenzˈistvʁem hazʔiʁˈim bimʔabˈed hamaχʃˈev poʔalˈim kemitɡim ʔelektʁˈonijim zeʔiʁˈim hamʔabdˈim medˈa binaʁˈi.
דבורי הדבש האפריקאיות אגרסיביות יותר בהגנה על הכוורת מאשר זנים אירופאים מתורבתים.	dabuʁˈej hadvˈaʃ aʔalfʁiʔjjˈot ʔaɡʁesivijˈot jutˈaʁ bahaɡanˈa ʔˈal hakavˈeʁet meʔaʃˈeʁ zanˈim ʔeʁopeʔˈim metuʁbatˈim.
קליית פולי הקפה האתיופיים מדגישה טעמים פירותיים ופרופיל ארומטי בעל חמיצות מעודנת.	klˈijˈt pˈoli hakafˈe haʔetjopijˈim madɡiʃˈa teʔamˈim fˈiʁjotijˈ upʁofˈil ʔaʁˈoimti beʔˈal χamitsˈut meʔudˈenet.
פמיניזם רדיקלי קורא לשינוי יסודי במבנים של החברה והתרבות המערבית המודרנית.	feminˈizm ʁadikˈali koʁˈe leʃinˈuj jesodˈi bemivnˈim ʃˈel haχevʁˈa vehataʁbˈut hamaʔaʁavˈit hamodˈeʁnit.
הטורבינות הענקיות בסכר ממירות את האנרגיה הקינטית של המים לחשמל זמין.	hatuʁbˈinot haʔanakijˈot basˈeχeʁ mmiʁotˈe ʔˈet haʔenˈeʁɡija haχkinatjat ʃˈel hamˈajim laχaʃmˈal zamˈin.
פלאש המצלמה מאפשר הקפאת תנועה של אובייקטים מהירים בחושך כמעט מוחלט.	plaʃ hamatslemˈa meʔafʃˈeʁ hakpaʔˈat tnuʔˈa ʃˈel ʔobjektˈim mehiʁˈim baχˈoʃeχ kimʔˈat muχlˈat.
הוא כתב סאטירה פוליטית נושכת המבקרת את הביורוקרטיה הממשלתית דרך מצבים אבסורדיים.	hˈi ktˈav satiʁˈa polˈitit noʃˈeχet hamvakˈeʁet ʔˈat habjuʁokʁˈatja hamemʃaltˈit daʁˈaχ matsavˈim ʔabsˈuʁdijim.
בלשי המשטרה השתמשו בזיהוי פלילי וטביעות אצבע כדי ללכוד את השודד הסדרתי.	balaʃˈej hamiʃtaʁˈa hiʃtamʃˈu bezihˈuj plilˈi utviʔˈot ʔetsbˈa kedˈej lilkˈod ʔˈat haʃodˈed hasidʁatˈi.
פרקטלים גיאומטריים מציגים דמיון עצמי בכל קנה מידה ונמצאים רבות בטבע סביבנו.	fʁkˈatlˈiim ɡeʔomˈetʁijim matsiɡˈim dimjˈon ʔatsmˈi vχˈol kanˈo midˈa venimtsaʔˈim ʁabˈot batˈeva svivˈenu.
אנטיאוקסידנטים הנמצאים בפירות יער מנטרלים רדיקלים חופשיים ומאטים את תהליך ההזדקנות התאית.	ʔentiʔukesdˈentim hanimtsaʔˈim bapeʁˈot jaʔˈaʁ menatʁlˈim ʁadikˈalim χofʃijˈim umtˈejˈm ʔˈat tahalˈiχ hahizdaknˈut etʔˈʔˈt.
נזירים בודהיסטים יושבים שעות ארוכות במקדשים מבודדים בהרי ההימלאיה כדי להגיע להארה.	neziʁˈim budhistˈim joʃvˈim ʃeʔˈot ʔaʁukˈot bemkdaʃˈem mevudadˈim behaʁˈej hahimalajˈa χedˈej lehaɡˈia leheʔaʁˈa.
הטרקטורון הכבד פינה פסולת בניין גושית מאתר החפירות הארכיאולוגי כדי למנוע נזק.	hatʁaktoʁˈon haχbˈed pinˈa psˈolet binjˈan ɡuʃˈit meʔatˈaʁ haχafiʁˈot haʔaʁχeʔoloɡˈi χedˈej limnˈoa nˈezek.
רופא השיניים התקין שתלי טיטניום והמליץ על שטיפות פלואוריד למניעת עששת חמורה.	ʁofˈe haʃinajˈim hitkˈin ʃitlˈej ˈitanˈveim vehimlˈits ʔˈal ʃtifˈot fluʔoʁˈid limniʔˈat ʔaʃˈeʃet χamuʁˈa.
רכבות קליע מגנטיות מרחפות מעל המסילה ומגיעות למהירויות פסיכיות ללא חיכוך מכני.	ʁakvˈot kalˈia emɡntiut meʁaχafˈot meʔˈal hamsilˈa umaɡiʔˈot limˈaiʁojjˈot psˈiχijot lelˈo χikˈuχ meχˈani.
קוביות הלגו הפלסטיות מאפשרות הרכבת מודלים תלת מימדיים מורכבים במגוון צבעים זרחניים.	kubijˈot halˈeɡo haplstjjˈot meʔafʃʁˈot haʁakˈevet mˈodelim tlˈat miemdˈiim muʁkavˈim bemiɡvˈan tsvaʔˈim zaʁχanijˈim.
מערכת הניווט הלוויינית חישבה מסלול אלטרנטיבי עקב פקק תנועה אינסופי בכביש המהיר.	maʔaʁˈeχet hanivˈut halajanˈit χiʃvˈa maslˈul ʔalteʁnatˈivi ʔakˈav pkˈak tnuʔˈa ʔinsopˈi biχvˈiʃ hamahˈiʁ.
שלד הדינוזאור שהתגלה במדבר שייך לטורף דו רגלי מתקופת הקרטיקון.	ʃˈeled hadinozˈaʔuʁ ʃehitɡalˈa bamidbˈaʁ ʃajˈaχ atˈoʁˈef dˈu ʁaɡlˈaj mitkufˈat hkaʁatkˈuin.
חובבי אוריגמי מקפלים ניירות מרובעים ליצירת דמויות זעירות ומורכבות ללא שימוש במספריים.	χovvˈej euʁiɡˈmˈi mekaplˈim nejaʁˈot meʁubaʔˈim litsiʁˈat dmujˈot zeʔiʁˈot umuʁkavˈot lelˈo ʃimˈuʃ bemispaʁajˈim.
פיתוח מודלים מבוססי טקסט מצריך חומרה גרפית עוצמתית עם זיכרון רחב.	pitˈuaχ mˈodelim mevussˈej tˈekst matsʁˈiχ χumʁˈa ɡʁˈafit ʔotsmatˈit ʔˈam ziχʁˈon ʁˈoχav.
מערכות זיהוי דיבור מתקשות לעיתים בפענוח חיתוך הפקה של עיצורים סדקיים וגרוניים.	maʔaʁχˈot zihˈuj dibˈuʁ mitkaʃˈot leʔitˈim befiʔnˈuaχ χitˈuχ hafakˈa ʃˈal eiˈoʁm sdˈkˈijˈ oɡˈʁvenˈiim.
חללית המחקר שוגרה בהצלחה כדי לאסוף דגימות קרקע מאסטרואיד קרוב לכדור הארץ.	χalalˈit hameχkˈaʁ ʃˈoɡʁha behatslaχˈa χedˈej leʔesˈof dɡimˈot kaʁkˈa emasteʁauʔˈjdˈ keʁˈov leχadˈuʁ haʔeʁˈets.
הרנסנס האיטלקי התאפיין בפריחה חסרת תקדים של אמנות פלסטית, אדריכלות והגות הומניסטית.	haʁenesˈans haʔitalkˈi hitʔafjˈen bifʁiχˈa χasʁˈat takdˈim ʃˈel ʔamanˈot plˈastit, ʔadʁiχalˈut vehaɡˈut humanˈistit.
הרופא המומחה רשם אנטיביוטיקה רחבת טווח לטיפול בזיהום החיידקי החריף במערכת הנשימה.	haʁofˈe hamumχˈe ʁaʃˈam ʔantibijˈotika ʁaχavˈat tvˈaχ letipˈul bazihˈum haχajdakˈi heχaʁˈif bamaʔaʁˈeχet hanʃimˈa.
שף המסעדה מכין ריזוטו פטריות כמהין מוקרם עם פרמז'ן, יין לבן ועירית.	ʃˈef hamisʔadˈa meχˈin ʁizoto pitʁijˈot kemehˈin muaaʁim ʔˈim feʁmazˈn', jajˈin lavˈan uʔˈiʁˈit.
גולשי הגלים המקצוענים התמודדו עם כל ענק וזרמים חזקים בחוף המפורסם בהוואי.	ɡˈolʃej haɡalˈim hamiktsoʔanˈim hitmoddˈu ʔˈim χˈol ʔanˈak uzʁamˈim χazakˈim beχˈof hamfuʁsˈam behavaʔˈi.
מפתחי התוכנה בנו תשתית אסינכרונית מהירה ויעילה לעיבוד מקבילי של נתוני משתמשים.	mefatχˈej hatoχnˈa banˈu taʃtˈit ʔesinˈχaʁonit mehiʁˈa viʔilˈa leʔibˈud makbilˈi ʃˈel netunˈej miʃtamʃˈim.
מדבר בצ'ילה נחשב לאזור היבש ביותר בעולם ומספק תנאים אידיאליים לתצפיות.	medubˈaʁ 'betsilˈa neχaʃˈev laʔezˈoʁ hajavˈeʃ bejotˈeʁ baʔolˈam umsapˈek tnaʔˈim ʔideʔˈalijim latatspijˈot.
הדיפלומטים חתמו על אמנה בינלאומית מקיפה לצמצום מאגר הנשק הגרעיני והביולוגי בעולם.	hadiplomˈatim χatmˈu ʔˈal ʔemnˈe benlʔumˈit makifˈa letsimtsˈum maʔaɡˈaʁ hanˈeʃek haɡaʁʔinˈi vehabijolˈoɡi baʔolˈam.
פלמינגו מצוי מקבל את צבעו הוורוד והבולט מתזונה עשירה בסרטנים זעירים ואצות.	flamˈinɡo matsˈuj mekabˈel ʔˈat tsivʔˈo havaʁˈod vehabolˈet mitzunˈa ʔaʃiʁˈa visʁatnˈiim zeʔiʁˈim uʔˈotˈe.
אדריכלות מאופיינת בקשתות מחודדות, תמיכות דואות וחלונות ויטראז' צבעוניים וענקיים.	ʔadʁiχalˈut meʔufjˈenet bekiʃtjˈot meχudadˈot, tmiχˈot duajˈot veχalonˈot ojtaʁʔzˈ' tsivʔonijˈim vaʔanakijˈim.
עצי הסקויה הענקיים בקליפורניה יכולים לחיות אלפי שנים ולהגיע לגבהים בלתי נתפסים.	ʔatsˈej askˈuahan haʔanakijˈim bekalifoʁnijˈa jeχolˈim liχjˈot ʔalfˈej ʃanˈim ulhaɡˈia liɡvahˈim biltˈi nitpasˈim.
חומצה גופרתית היא נוזל קורוזיבי וחריף המשמש בתהליכים תעשייתיים רבים וייצור דשנים.	χumtsˈa eɡupʁˈitjit hˈi nozˈel kveʁˈozibeˈi veχaʁˈif hamʃamˈeʃ betahaliχˈim taʔasijatijˈim ʁavˈim vejitsˈoʁ dʃenˈim.
תיאוריית הפסיכואנליזה מתמקדת בהשפעת התת־מודע וחוויות הילדות המוקדמות על התנהגות האדם הבוגר.	teʔˈoʁjat hafiχuʔnliza mitmakˈedet behaʃpaʔˈat ־aittemuadˈʔ vaχavajˈot hajaldˈut hamukdamˈot ʔˈal hitnahaɡˈut haʔadˈam haboɡˈeʁ.
שופט בית המשפט העליון פרסם פסק דין תקדימי בנושא זכויות יוצרים דיגיטליות.	ʃofˈet bajˈit hamiʃpˈat haʔeljˈon piʁsˈem pasˈak dˈin takdimˈi benosˈe zχujˈot jotsʁˈim diɡitˈalijot.
הבנק המרכזי העלה את הריבית במשק בניסיון לבלום את האינפלציה הגואה לאחרונה.	habˈank hameʁkazˈi heʔelˈa ʔˈet haʁibˈit bemˈeʃek benisajˈon livlˈom ʔˈet haʔinflˈatsja haɡoʔˈa laʔaχaʁonˈa.
רשת הרכבות התחתיות בלונדון היא אחת ממערכות התחבורה הציבורית הוותיקות והעמוסות בעולם.	ʁˈeʃet haʁakavˈot hataχtijˈot belondˈon hˈi ʔeχˈat mimaʔaʁχˈot hataχbuʁˈa hatsibuʁˈit havatikˈot ohanaʔamosoit baʔolˈam.
טרקטורים חקלאיים אוטונומיים מצוידים בחיישני ג'י־פי־אס מתקדמים לניווט מדויק בשדות הכותנה הרחבים.	tʁˈaktoʁim χaklaʔijˈim ʔotonˈomijim metsujadˈim vˈχˈiiiʃni '־eɡpias־ mitkadmˈim lenivˈut medujˈak bisdˈot hakutnˈa haʁχavˈim.
הרומן הדיסטופי מתאר חברה טוטליטרית שבה השלטון מפקח על כל צעד אזרחי.	haʁomˈan adiistˈupi mitʔˈaʁ χaveʁˈa totalitˈaʁit ʃebˈa haʃiltˈon mefakˈeaχ ʔˈal χˈl tsaʔˈad ʔezʁeχˈej.
מאיץ החלקיקים מאפשר לפיזיקאים לחקור את אבני הבניין היסודיות ביותר של החומר.	meʔˈits haχelkikˈim meʔafʃˈeʁ lafizikˈaʔim laχkˈoʁ ʔˈat ʔavnˈej habinjˈan hajsodijˈot bejotˈeʁ ʃˈel haχˈomeʁ.
מעצבי אופנה מובילים הציגו קולקציית חורף אלגנטית הכוללת מעילי צמר וצעיפי משי.	meʔatsvˈej ʔofnˈa movilˈim hitsˈiɡu kvlekatsjˈeat χˈoʁef ʔeleɡˈantit hakolˈelet meʔilˈej tsˈemeʁ veaʔˈifi mˈeʃi.
פסקול הסרט ההוליוודי הוקלט על ידי תזמורת פילהרמונית וזכה בפרסים בינלאומיים יוקרתיים.	paskˈol hasˈeʁet haholiudˈi huklˈat ʔˈal jadˈi tizmˈoʁet filhaʁmˈonit vezaχˈa bifʁasˈim bejnˈilʔˈomˈijˈ jukʁatijˈim.
הגירה המונית מהכפר לעיר משנה את המרקם החברתי ויוצרת אתגרים אורבניים מורכבים.	haɡiʁˈa hamonˈit mehakfˈaʁ laʔˈiʁ miʃnˈa ʔˈat hamiʁkˈam haχevʁatˈi vejotsˈeʁet ʔetɡaʁˈim ʔuʁbˈanijim muʁkavˈim.
מערכת העצבים המרכזית כוללת את המוח וחוט השדרה ומעבדת אותות חושיים מהגוף.	maʔaʁˈeχet haʔatsavˈim hameʁkazˈit kolˈelet ʔˈet hamˈoaχ veχˈut haʃidʁˈa ˈumʔbedt ʔotˈot χveʃejjˈ mehaɡˈuf.
מהנדסי אלקטרוניקה מפתחים מעגלים מודפסים זעירים עבור סמארטפונים, מחשבים ניידים ומכשור רפואי.	mehandsˈej ʔelektʁˈonika mefatχˈim maʔaɡalˈim mudpasˈim zeʔiʁˈim ʔavˈoʁ smaʁtfonˈim, meχaʃvˈim najadˈim umiχʃˈuʁ ʁefuʔˈi.
טקטוניקת הלוחות מסבירה את נדידת היבשות, היווצרות רכסי הרים והתרחשות רעידות אדמה.	tktvenikt haluχˈot masbiʁˈa ʔˈat nedidˈat hajveʃˈot, hivatsʁˈut ʁiχsˈej heʁˈim vehitʁaχaʃˈut ʁeʔidˈot ʔadamˈe.
שחקני קונסולות תחרותיים מתאמנים שעות רבות ביום כדי לשפר את זמן התגובה.	saχkanˈej ekunˈsolˈuat taχaʁutijˈim mitʔamnˈim ʃaʔˈot ʁabˈot bajˈom χedˈej leʃapˈeʁ ʔˈat zmˈan hatɡuvˈa.
פאנלים סולאריים על גגות הבתים מנצלים את קרינת השמש לייצור חשמל נקי.	panelˈim solaʁijˈim ʔˈal ɡaɡˈot habatˈim menatslˈim ʔˈat kʁinˈat haʃˈemeʃ lejitsˈuʁ χaʃmˈal nekˈi.
חפירות ארכיאולוגיות בעיר דוד חשפו ממצאים נדירים מתקופת בית המקדש הראשון.	χafiʁˈot ʔaʁχeʔoloɡijˈot beʔˈiʁ dˈod χasfˈu mimtsaʔˈim nediʁˈim mitkufˈat bajˈit hamikdˈaʃ haʁiʃˈon.
כריתת יערות הגשם באמזונס מאיימת על המגוון הביולוגי ותורמת משמעותית להתחממות הגלובלית.	kʁitˈut jaʔaʁˈot haɡˈeʃem beʔamazonˈas meʔajˈemet ʔˈal hamiɡvˈan habijolˈoɡi vetoʁˈemet maʃmaʔutˈit lahitχammˈut haɡlobˈalit.
עדשות מאקרו מאפשרות לצלמים ללכוד פרטים זעירים של חרקים, פרחים וטקסטורות עדינות.	ʔadaʃˈot mekʁve meʔafʃʁˈot latsalamˈim lilkˈod pʁatˈim zeʔiʁˈim ʃˈel χaʁakˈim, pʁaχˈim otˈekstuʁotˈe ʔadinˈot.
תרגום סימולטני בכנסים בינלאומיים דורש ריכוז עילאי, שליטה בשפות והיכרות עם מונחים.	tiʁɡˈum simultˈani baknasˈim bejnˈilʔˈomˈijˈ doʁˈeʃ ʁikˈuz ʔilaʔˈi, ʃlitˈa besafˈot vehekeʁˈut ʔˈam munaχˈim.
אורתודנטים משתמשים בגשרים שקופים ממתכת כדי ליישר שיניים ולתקן ליקויי סגר.	ʔuʁtvednˈtˈim miʃtamʃˈim biɡʃaʁˈim ʃkufˈim mimatˈeχet kedˈej lejaʃˈeʁ ʃinajˈim ultakˈen likujˈej saɡˈaʁ.
מטוס הנוסעים החדיש מצויד במנועי סילון שקטים וחסכוניים המפחיתים את זיהום האוויר.	matˈos hanosʔˈim heχadˈiʃ metsujˈad bimnoʔˈej silˈon ʃketˈim uχˈisχunijˈm hamifχitiim ʔˈet zihˈum haʔavˈiʁ.
רובוטים תעשייתיים מבצעים פעולות הרכבה חוזרות ונשנות בדיוק מיקרוסקופי וללא כל עייפות.	ʁobˈotim taʔasijatijˈim mivtsaʔˈim peʔulˈot heʁkevˈa χozʁˈot veniʃnˈot bedijˈuk mikʁoskˈopi ullˈo χˈol ʔajefˈot.
אימוני קרוספיט משלבים הרמת משקולות אולימפית, התעמלות קרקע ותרגילים אירוביים בעצימות גבוהה.	ʔimunˈej kʁospˈit meʃalvˈim heʁˈamt miʃkolˈot ʔolˈimpit, hitʔamlˈut kaʁkˈa vetaʁɡilˈim ʔˈʁˈuvjˈjˈm baʔatsimˈut ɡvˈoha.
"ספינות משא ענקיות מנווטות באוקיינוסים באמצעות מערכות מכ""ם מתקדמות ותקשורת לוויינית מאובטחת."	"sfinˈot masˈa ʔanakijˈot mnuotjˈot baʔokjanosˈim beʔemtsaʔˈut maʔaʁχˈot mikˈem"" mitkadmˈot vetikʃˈoʁet lajanˈit meʔuvtˈaχat."
המשפט האחרון העסיק מתמטיקאים דגולים במשך מאות שנים עד שהוכח.	hamiʃpˈat haʔaχaʁˈon heʔesˈik matematikˈaʔim dɡulˈim bmˈeʃeχ meʔˈot ʃnˈajim ʔˈod ʃehuχˈaχ.
סיבים אופטיים מעבירים נתונים דיגיטליים במהירות האור באמצעות החזרה פנימית גמורה של קרניים.	sivˈim ʔˈoptijim maʔaviʁˈim netunˈim diɡitˈalijim bimhiʁˈut haʔˈoʁ beʔemtsaʔˈut haχazaʁˈa pnimˈit ɡmuʁˈa ʃˈel kaʁnajˈim.
החיסון החדשני מעורר את המערכת החיסונית לייצר נוגדנים ספציפיים נגד נגיף השפעת.	haχisˈun haχadʃanˈi meʔoʁˈeʁ ʔˈat hamaʔaʁˈeχet haχisunˈit lejatsˈeʁ noɡdanˈim spetsifijˈim nˈeɡed neɡˈif haʃapˈaʔat.
הנגר האומן גילף עיטורים מסובכים בעץ אלון מלא בעזרת מפסלות פלדה חדות.	hanaɡˈaʁ haʔomˈan ilˈf ʔituʁˈim mesubaχˈim beʔˈets ʔalˈon malˈe beʔezʁˈat emfslˈot pladˈa χadˈut.
כלבי נחייה עוברים אילוף ממושך וקפדני כדי לסייע לעיוורים להתנייד בבטחה במרחב הציבורי.	kalvˈej neχijˈa ʔubaʁˈim ʔilˈuf memuʃˈaχ vekapdanˈi χedˈej lesajˈea leʔiʁˈim lehitnajˈed bevitχˈa bemeʁχˈav hatsibuʁˈi.
קרינת הרקע הקוסמית היא שריד עתיק מהמפץ הגדול שמהדהד ברחבי היקום.	kʁinˈat haʁˈeka hakˈosmit hˈi saʁˈid ʔatˈik mehamapˈats haɡadˈol ʃˈemedhad beʁaχavˈej hajkˈum.
פילוסופיית הסטואה העתיקה ממליצה על שליטה רגשית וקבלת הגורל בשלוות נפש מוחלטת.	filosˈofjat hstuʔa heʔtˈika mamlitsˈa ʔˈal ʃlitˈa ʁiɡʃˈit vekabalˈat haɡoʁˈal beʃalvˈat nˈefeʃ muχlˈetet.
וכשהתעוררנו מהתרדמת הארוכה, גילינו שהציוויליזציה האנושית נעלמה כליל מפני כדור הארץ.	oχiʃeatʔuaʁʁnu mehataʁdˈemet haʔaʁukˈa, ɡilˈinu ʃehatsijvilizˈatsja haʔenoʃˈit neʔelmˈa kalˈil mipnˈej kedˈoʁ haʔeʁˈets.
האופנוען הנועז ביצע פעלול אקרובטי מסוכן מעל התהום הפעורה בוואדי המדברי.	haʔofanoʔˈan hanoʔˈaz bitsˈea paʔalˈul ʔakʁobatˈi mesukˈan mˈaʔal hatehˈom hapʔuʁˈa bevadˈi hamidbaʁˈi.
אסטרטגיית השיווק הדיגיטלית דרשה אופטימיזציה מתמדת של קמפיינים ממומנים ברשתות החברתיות.	ʔastʁatˈeɡjat haʃivˈuk hadiɡitˈalit daʁʃˈa ʔoptimizˈatsja matmedˈet ʃˈal kampˈejnim memumanˈim baʁʃatˈot haχevʁatijˈot.
הצוות הרפואי בחדר המיון העניק טיפול מציל חיים לפצועי תאונת הדרכים הקשה הלילה.	hatsˈevet haʁfuʔˈi baχˈedeʁ hamijˈun heʔenˈik tipˈul matsˈil χajˈim liftsuʔˈej teʔunˈat hadʁaχˈim hakaʃˈa halˈajla.
סוכני הביון השתמשו במיקרופונים זעירים ומוצפנים כדי להאזין לשיחות של המאפיה האיטלקית בנאפולי.	soχnˈej habijˈun hiʃtamʃˈu bemikʁˈofonim zeʔiʁˈim omuatspanˈim χedˈej lehaʔazˈin lesiχˈot ʃˈel hamaʔafijˈa haʔitalkˈit beeʔpuli.
הפסיכולוגיה הקוגניטיבית מתמקדת בתהליכי עיבוד מידע, זיכרון לטווח קצר וקבלת החלטות.	hapsiχoloɡjˈa hakoɡnitˈivit mitmakˈedet betahaliχˈej ʔibˈud medˈa, ziχʁˈon litvˈaχ kˈetseʁ vekabalˈat haχlatˈot.
חוקרי האבולוציה גילו מאובנים המוכיחים את הקשר הביולוגי ההדוק בין דינוזאורים לעופות מודרניים.	χokʁˈej haʔevolˈutsja ɡilˈu meʔubanˈim hamoχiχˈim ʔˈet hakaʃˈaʁ habijolˈoɡi hehadˈuk bˈen dinozˈaʔuʁim laʔofˈot modˈeʁnijim.
שרברב מוסמך תיקן את הצנרת הפגומה שממנה דלפו מים חלודים למרתף הבניין.	ʃʁavʁˈav musmˈaχ tikˈen ʔˈat hatsanˈeʁet hapɡumˈa ʃemimˈena dalfˈu mijˈam χaludˈim lemaʁtˈef habinjˈan.
אנזים הפרוטאז מפרק חלבונים מורכבים במערכת העיכול והופך אותם לחומצות אמינו חיוניות לגוף.	ʔenzˈim hapaʁutaazˈ mefaʁˈek χelbonˈim muʁkavˈim bamaʔaʁˈeχet haʔikˈul vehofˈeχ ʔotˈam lˈaχomˈutˈ ʔamilanˈu χijunijˈot leɡˈuf.
הקונצנזוס המדעי גורס שפליטת גזי חממה מואצת גורמת לשינויי אקלים דרסטיים ובלתי הפיכים.	hakontsenzˈus hamadaʔˈi ɡoʁˈes ʃeplitˈat ɡazˈi χamamˈa muʔˈetset ɡoʁˈemet leʃinujˈej ʔaklˈim dʁˈastijim uviltˈi hafiχˈim.
פסטיבל מוזיקת האינדי משך אליו אלפי בני נוער עם אוהלים, גיטרות ושקי שינה.	festivˈal mˈuzikat hʔˈinadˈ maʃˈaχ ʔelˈav ʔalfˈej banˈej nˈoʔaʁ ʔˈam ʔohalˈim, ɡitˈaʁot oʃˈakˈ ʃenˈa.
אדריכלי הנוף תכננו פארק אקולוגי חדשני עם מערכות טיהור מים ביולוגיות וצמחייה מקומית.	ʔadʁiχalˈej hanˈof tiχnˈanu pˈaʁk ʔekoloɡˈi χadʃanˈi ʔˈam maʔaʁχˈot tihˈuʁ mˈajim bijolˈoɡijot vetsimχijˈa mekomˈit.
הסטארטאפ המקומי פיתח אלגוריתם מתקדם לזיהוי אנומליות ודפוסים חריגים בתעבורת רשת ארגונית.	hastaʁtʔˈap hamkomˈi pitˈeaχ ʔalɡoʁˈitm mitkadˈem lezihˈuj ʔanomˈaljot odposˈiim χaʁiɡˈim betaʔavuʁˈat ʁˈeʃet ʔiʁɡunˈit.
אלגברת מטריצות מספקת כלים חישוביים חזקים לפתרון מערכות של משוואות לינאריות מרובות משתנים.	ʔlˈɡbaaʁit imatʁtsjˈot maspekˈet kelˈim χiʃuvijˈim χazakˈim lefitʁˈon maʔaʁχˈot ʃˈel miʃvaʔˈot alˈaʔˈʁjˈot meʁubˈot miʃtanˈim.
המטבעות העתיקים שנמצאו בכד החרס מתקופת החשמונאים עשויים מכסף טהור ונושאים כתובות נדירות.	hamatbʔˈot haʔatikˈim ʃenimtsʔˈu bakˈad haχˈeʁes mitkufˈat haχaʃmonaʔˈim ʔasujˈim mikˈesef tahˈoʁ venosʔˈim ktuvˈot nediʁˈot.
תיאטרון הפרינג' העלה מחזה אבסורדי שבו השחקנים החליפו תפקידים ומגדרים בסצנות אקראיות.	teʔatʁˈon hapaʁˈnɡ' heʔelˈa maχazˈe ʔabsˈuʁdi ʃvˈu hasaχkanˈim heχelifˈo tafkidˈim umiɡdaʁˈim bistsenˈot ʔakʁaʔijˈot.
שדרני הרדיו שידרו דיווח חי מזירת האירוע שבה התרחשה תאונת השרשרת הקטלנית בבוקר.	ʃadʁanˈej haʁˈadjo ʃidʁˈu diˈeaχ χˈaj miziʁˈat haʔeʁˈua ʃˈava hitʁaχaʃˈa teʔunˈat haʃaʁʃˈeʁet hakatlanˈit vabˈokeʁ.
האוטוסטרדה החדשה קיצרה משמעותית את זמני הנסיעה מהפריפריה הצפונית אל המטרופולין הסואן במרכז.	haʔotostʁˈada haχadaʃˈa kitsʁˈa maʃmaʔutˈit ʔˈet zmanˈi hansiʔˈa mehapeʁifˈeʁja hatsfonˈit ʔˈel hametʁopolˈin hasoʔˈen bemeʁkˈaz.
כשהאוטובוס המקרטע הגיע לתחנה המרכזית, הנוסעים המותשים מיהרו לרדת עם המזוודות הכבדות.	kʃehaʔˈotobus hamkaʁtˈea hiɡˈia lataχanˈa hameʁkazˈit, hanosʔˈim hamutaʃˈim mihaʁˈu laʁˈedet ʔˈam hamizvadˈot hakvedˈot.
התרופה ההומיאופתית עוררה ויכוח סוער בקרב הקהילה הרפואית סביב אפקט הפלצבו בניסויים קליניים.	hatʁufˈa ahauemʔupitjit ʔoʁʁˈa vikˈuaχ soʔˈeʁ bakʁˈav hakehilˈa haʁfuʔˈit svˈiv ʔefˈekt haplatsˈebo banisujˈim klˈinijim.
רבנים ופוסקי הלכה התכנסו לדון בסוגיות אתיות הקשורות לשיבוט גנטי והנדסת איברים.	ʁabanˈim ufoskˈej halχˈa hitkansˈu ladˈun besuɡjˈot ʔˈetijot hakʃuʁˈot leʃibˈut ɡenˈeti vehandasˈat ʔejvaʁˈim.
מפיק הטלוויזיה ליהק שחקנים אנונימיים לריאליטי הישרדות אכזרי שצולם על אי טרופי בודד.	mefˈik hatelevˈizja liakˈ saχkanˈim ʔanonˈimijim leʁeʔaletˈi hisaʁdˈut ʔaχzaʁˈi ʃetsulˈam ʔˈal ʔˈej tʁufˈej bodˈed.
