הוא צפה בסרט וראה חיה שצפה במים	hˈu tsafˈa baseʁˈet veʁaʔˈa χajˈa ʃetsafˈa bmajˈim
הוא רצה את זה גם, אבל היא רצה מהר והקדימה אותו	hˈu ʁatsˈa ʔˈet zˈe ɡˈam, ʔavˈal hˈi ʁatsˈa mahˈeʁ vehikdimˈa ʔotˈo
בא תרד לאכול, יש בורקס עם תרד	bˈa teʁˈed leʔeχˈol, jˈeʃ bˈuʁks ʔˈim teʁˈed
אחרי שאתה אורז את המזוודה, תבוא לאכול אורז	ʔaχaʁˈej ʃeʔatˈa ʔoʁˈez ʔˈet hamizvadˈa, tavˈo leʔeχˈol ʔoʁˈez
האם מותר לשתות בירה בעיר הבירה ירושלים?	haʔˈim mutˈaʁ liʃtˈot biʁˈa baʔˈiʁ habiʁˈa jʁuʃalajˈim?
החיה הזו חיה הרבה מאוד שנים.	haχajˈa hazˈo χajˈa haʁbˈe mʔˈod ʃanˈim.
גילה אמרה לי שהוא גילה לה את הסוד.	ɡilˈa ʔamʁˈa lˈi ʃehˈu ɡilˈa lˈa ʔˈet hasˈod.
הבוקר יצא לרעות את העדר מוקדם מאוד בבוקר.	habokˈeʁ jatsˈa liʁʔˈot ʔˈet haʔedˈeʁ mukdˈam mʔˈod babokˈeʁ.
הם לנו בשטח, כי לא נשאר לנו מקום בבית.	hˈem lanˈu baʃetˈaχ, kˈi lˈo niʃʔˈaʁ lanˈu makˈom babajˈit.
הוא צעד לעבר האופק, ובכל צעד הרגיש את כובד הדרך.	hˈu tsaʔˈad lʔevˈeʁ haʔofˈek, uvχˈal tsaʔˈad hiʁɡˈiʃ ʔˈet kovˈed hadeʁˈeχ.
טלגרם זו אפליקציה ממש נוחה לשימוש.	teleɡʁˈam zˈo ʔaplikatsjˈa mamˈaʃ noχˈa lʃimˈuʃ.
תוכל לכתוב לי בוואצאפ?	tuχˈal liχtˈov lˈi bvatsˈap?
מערך הסייבר הלאומי הוא גוף טכנולוגי בישראל.	maʔaʁˈaχ hasajbˈeʁ halʔumˈi hˈu ɡˈuf teχnoloɡˈi bjisʁaʔˈel.
בכל כוס של קולה יש המון סוכר.	bχˈal kˈos ʃˈel kolˈa jˈeʃ hamˈon sukˈaʁ.
אילון מאסק הוא האיש הכי עשיר בעולם.	ʔilˈon masˈak hˈu haʔˈiʃ haχˈi ʔaʃˈiʁ baʔolˈam.
בסטארטאפ שלנו יש דיילי כל יום שני וחמישי	bistaʁtaʔˈap ʃelanˈu jˈeʃ dajalˈi kˈal jˈom ʃenˈi vaχamiʃˈi
שלחתי לך לינק חדש לטיקט שפתחתי בגיהטאב	ʃalaχtˈi lχˈa lˈink χadˈaʃ ltˈikt ʃepataχtˈi bɡihatˈav
שמתי פלייליסט חדש בספוטיפיי ושיתפתי אותו באינסטגרם	samtˈi plejlˈist χadˈaʃ bsipotifˈej veʃitaftˈi ʔotˈo bʔinstaɡʁˈam
בוא נשים את זה בקובץ דוקס ונשתף את הצוות	bˈo naʃˈim ʔˈet zˈe bkovˈets dˈoks veniʃatˈaf ʔˈet hatsevˈet
אנחנו רוצים לעלות לפרודקשן אחרי שנקבל עוד קצת אינפוט	ʔanaχnˈu ʁotsˈim laʔalˈot lipʁodekʃˈan ʔaχaʁˈej ʃenkabˈel ʔˈod ktsˈat ʔinfˈot
אני באמת דואג לך ותמיד כאן בשבילך אם תצטרכי עזרה.	ʔanˈi beʔemˈet doʔˈeɡ lχˈa vetamˈid kˈan biʃvilχˈa ʔˈim titstaʁχˈi ʔezʁˈa.
אני שמח בשבילך ומקווה בשבילך שכל מה שתרצה יקרה	ʔanˈi sameˈaχ biʃvilχˈa umkavˈe biʃvilχˈa ʃekˈal mˈa ʃetiʁtsˈe jikʁˈe
אני בא אליך אחר כך ונשאר אצלך קצת אם מתאים. מה אתה אומר?	ʔanˈi bˈa ʔelˈaχ ʔaχˈaʁ kˈaχ veniʃʔˈaʁ ʔetslˈeχ ktsˈat ʔˈim matʔˈim. mˈa ʔatˈa ʔomˈeʁ?
אני לומד ממך המון ומעריך ממך כל דבר קטן שאתה נותן	ʔanˈi lomˈed mimχˈa hamˈon umaʔaʁˈiχ mimχˈa kˈal davˈaʁ katˈan ʃeʔatˈa notˈen
אני שמח בשבילך ומודה לך על כל מה שאתה עושה	ʔanˈi sameˈaχ biʃvilχˈa umodˈe lχˈa ʔˈal kˈal mˈa ʃeʔatˈa ʔosˈe
אני לומד ממך המון, אתה בן אדם חכם	ʔanˈi lomˈed mimχˈa hamˈon, ʔatˈa bˈen ʔadˈam χaχˈam
אני שמח בשבילך, אחי	ʔanˈi sameˈaχ biʃvilχˈa, ʔaχˈi
אני מתכנן לבוא אלייך מחר ורציתי לדעת אם זה מתאים לך	ʔanˈi mtaχnˈen lavˈo ʔelajˈiχ maχˈaʁ veʁatsitˈi ladaʔˈat ʔˈim zˈe matʔˈim lχˈa
אני עומד לצדך ורוצה לשמוע ממך שאתה לא לבד בזה	ʔanˈi ʔomˈed ltsˈidχ veʁotsˈe liʃmoˈa mimχˈa ʃeʔatˈa lˈo lvˈad bazˈe
אני עומד לצדך ורוצה לשמוע ממך שאת לא לבד בזה	ʔanˈi ʔomˈed ltsˈidχ veʁotsˈe liʃmoˈa mimχˈa ʃeʔˈat lˈo lvˈad bazˈe
אוריה אמרה לי שהיא אוהבת לטייל בטבע.	ʔuʁjˈa ʔamʁˈa lˈi ʃehˈi ʔohevˈet ltajˈel batevˈa.
תהל אמרה שהיא מנסה לעשות יותר הפסקות במהלך היום	tahˈel ʔamʁˈa ʃehˈi mnasˈa laʔasˈot jotˈeʁ hafsakˈot bmahalˈaχ hajˈom
רננה סיפרה שהיא מתכננת טיול ארוך אחרי הלימודים	ʁnanˈa sipʁˈa ʃehˈi mtaχnenˈet tijˈul ʔaʁˈoχ ʔaχaʁˈej halimudˈim
אלירז אמר שהוא מנסה למצוא קצת יותר איזון בחיים	ʔeliʁˈaz ʔamˈaʁ ʃehˈu mnasˈe limtsˈo ktsˈat jotˈeʁ ʔizˈun baχajˈim
ינאי כתב שהוא רוצה להתחיל משהו חדש השנה	jnaʔˈi katˈav ʃehˈu ʁotsˈe lhatχˈil maʃehˈu χadˈaʃ haʃanˈa
אושרה אמרה שהיא מנסה להיות יותר סבלנית עם עצמה	ʔuʃʁˈa ʔamʁˈa ʃehˈi mnasˈa lihjˈot jotˈeʁ savlanˈit ʔˈim ʔatsmˈa
שלומי סיפר שהוא התחיל לעבוד על פרויקט חדש והוא מתלהב מזה	ʃlomˈi sipˈeʁ ʃehˈu hitχˈil laʔavˈod ʔˈal pʁojˈekt χadˈaʃ vehˈu mitlahˈev mizˈe
ידידה סיפרה שהיא התחילה ללמוד בטכניון ועברה לגור בחיפה	jdidˈa sipʁˈa ʃehˈi hitχilˈa lilmˈod bteχnijˈon veʔavʁˈa laɡˈuʁ bχefˈa
מישהי בעבודה אמרה שהיא שוקלת לעבור לראשון לציון בשביל להיות קרובה למשפחה	miʃehˈi baʔavodˈa ʔamʁˈa ʃehˈi ʃokelˈet laʔavˈoʁ laʁiʃˈon ltsijˈon biʃvˈil lihjˈot kʁovˈa lamiʃpaχˈa
אחד מהחברים אמר שהוא חוזר לגור בעפולה אחרי כמה שנים במרכז	ʔeχˈad mehaχaveʁˈim ʔamˈaʁ ʃehˈu χozˈeʁ laɡˈuʁ baʔafulˈa ʔaχaʁˈej kamˈa ʃanˈim bmeʁkˈaz
וואלה אח שלי אתה.	valˈa ʔˈaχ ʃelˈi ʔatˈa.
יאללה מתי אתה מגיע?	jˈala matˈaj ʔatˈa maɡiˈa?
יש שם אווירה ממש סחבקית, כולם מרגישים בבית	jˈeʃ ʃˈam ʔaviʁˈa mamˈaʃ saχbekˈit, kulˈam maʁɡiʃˈim bvejˈit
ג'ירפה צעירה רצה לאט ליד אמא שלה ונראתה מאוד שלווה	dʒiʁpˈa tsʔiʁˈa ʁatsˈa lʔˈat ljˈad ʔimˈa ʃelˈa veniʁʔatˈa mʔˈod ʃalvˈa
הזמנתי וויסקי קטן רק בשביל הטעם	hizmantˈi uskˈi katˈan ʁˈak biʃvˈil hataʔˈam
הבאתי צ'יפס חם ופריך, והוא נגמר תוך דקה.	hevetˈi tʃˈips χˈam ufʁˈiχ, vehˈu niɡmˈaʁ tˈoχ dakˈa.
שרה שרה שיר שמח	saʁˈa saʁˈa ʃˈiʁ sameˈaχ
שמתי ז'קט כי נהיה קצת קר.	samtˈi ʒakˈet kˈi nihjˈe ktsˈat kˈaʁ.
בבוקר הכנתי ג'חנון ואכלנו כולנו ביחד	babokˈeʁ heχantˈi dʒaχanˈon veʔaχalnˈu kulanˈu bjaχˈad
הוא קנה לעצמו ג'ויסטיק חדש למשחקים	hˈu kanˈa lʔatsmˈo dʒvistˈik χadˈaʃ lmisχakˈim
הצלחת הזו נראית ממש יפה.	hatsalaχˈat hazˈo niʁʔˈejt mamˈaʃ jafˈe.
אני יודע לנסוע באופניים.	ʔanˈi jodeˈa linsoˈa baʔofanajˈim.
איזה שמיים יפים וכחולים.	ʔejzˈe ʃamajˈim jafˈim uχχulˈim.
אתה צורח וזה כואב לי באוזניים.	ʔatˈa tsoʁeˈaχ vezˈe koʔˈev lˈi baʔoznajˈim.
נכנסתי למטבח רק לקחת מים ובסוף מצאתי את עצמי מכין ארוחה שלמה	niχnastˈi lamitbˈaχ ʁˈak lakaχˈat majˈim uvasˈof matsatˈi ʔˈet ʔatsmˈi meχˈin ʔaʁuχˈa ʃlemˈa
אמרתי לעצמי שאני רק אבדוק רגע את הטלפון ובסוף עבר חצי שעה	ʔamaʁtˈi lʔatsmˈi ʃeʔanˈi ʁˈak ʔevdˈok ʁeɡˈa ʔˈet hatelefˈon uvasˈof ʔavˈaʁ χatsˈi ʃaʔˈa
הייתי בטוח שיש לי עוד זמן ואז גיליתי שהשעה כבר מאוחרת	hajitˈi batuˈaχ ʃejˈeʃ lˈi ʔˈod zmˈan veʔˈaz ɡilitˈi ʃehaʃaʔˈa kvˈaʁ mʔuχeʁˈet
באתי רק להגיד שלום ונשארתי הרבה יותר ממה שתכננתי	batˈi ʁˈak lhaɡˈid ʃalˈom veniʃʔaʁtˈi haʁbˈe jotˈeʁ mimˈa ʃetiχnantˈi
שמתי תזכורת ולא הבנתי איך בכל זאת הצלחתי לשכוח	samtˈi tizkoʁˈet velˈo hevantˈi ʔˈejχ bχˈal zˈot hitslaχtˈi liʃkoˈaχ
היה לי רגע קצר של שקט והוא נתן לי מלא כוח	hajˈa lˈi ʁeɡˈa katsˈaʁ ʃˈel ʃekˈet vehˈu natˈan lˈi malˈe koˈaχ
עשיתי שינוי קטן בשגרה והוא נתן לי תחושה ממש טובה	ʔasitˈi ʃinˈuj katˈan baʃiɡʁˈa vehˈu natˈan lˈi tχuʃˈa mamˈaʃ tovˈa
פגשתי במקרה מישהו שלא ראיתי הרבה זמן וזה עשה לי את היום	paɡaʃtˈi bmikʁˈe miʃehˈu ʃelˈo ʁaʔitˈi haʁbˈe zmˈan vezˈe ʔasˈa lˈi ʔˈet hajˈom
ישבתי לנוח דקה על הספה ובלי לשים לב נרדמתי	jaʃavtˈi lanuˈaχ dakˈa ʔˈal hasapˈa uvlˈi lasˈim lˈev niʁdamtˈi
קבעתי להגיע בזמן אבל פקקים הרסו לי את כל התוכנית	kavaʔtˈi lhaɡiˈa bizmˈan ʔavˈal pkakˈim haʁsˈu lˈi ʔˈet kˈal hatoχnˈit
הקשבתי לעצמי הפעם וזה עבד לי ממש טוב	hikʃavtˈi lʔatsmˈi hapaʔˈam vezˈe ʔavˈad lˈi mamˈaʃ tˈov
הלכתי על משהו קטן ויצא ממנו משהו גדול וטוב	halaχtˈi ʔˈal maʃehˈu katˈan vejatsˈa mimenˈu maʃehˈu ɡadˈol vetˈov
ניסיתי להסביר את עצמי ופשוט הסתבכתי יותר עם כל מילה	nisitˈi lhasbˈiʁ ʔˈet ʔatsmˈi ufaʃˈut histabaχtˈi jotˈeʁ ʔˈim kˈal milˈa
עשיתי משהו בשביל עצמי והרגשתי שזה בדיוק מה שהייתי צריך	ʔasitˈi maʃehˈu biʃvˈil ʔatsmˈi vehiʁɡaʃtˈi ʃezˈe bdijˈuk mˈa ʃehajitˈi tsaʁˈiχ
חשבתי שזה יהיה משהו קטן ופשוט וזה יצא הרבה יותר מורכב	χaʃavtˈi ʃezˈe jihjˈe maʃehˈu katˈan ufaʃˈut vezˈe jatsˈa haʁbˈe jotˈeʁ muʁkˈav
רציתי יום שקט בבית ובסוף כל היום היה מלא התעסקויות	ʁatsitˈi jˈom ʃakˈet babajˈit uvasˈof kˈal hajˈom hajˈa malˈe hitʔaskujˈot
אמרתי שאקום מוקדם ובסוף גררתי את עצמי מהמיטה	ʔamaʁtˈi ʃeʔakˈum mukdˈam uvasˈof ɡaʁaʁtˈi ʔˈet ʔatsmˈi mehamitˈa
לא ציפיתי לכלום ובכל זאת היום התמלא ברגעים יפים	lˈo tsipitˈi liχlˈum uvχˈal zˈot hajˈom hitmalˈe biʁɡaʔˈim jafˈim
הייתי בטוח שאני מבין מה קורה ואז הכל הסתבך לי	hajitˈi batuˈaχ ʃeʔanˈi mevˈin mˈa koʁˈe veʔˈaz hakˈol histabˈeχ lˈi
חשבתי שזה עוד יום רגיל ויצאה ממנו תחושה מדהימה	χaʃavtˈi ʃezˈe ʔˈod jˈom ʁaɡˈil vejatsʔˈa mimenˈu tχuʃˈa madhimˈa
שמתי תזכורת ולא הבנתי איך בכל זאת הצלחתי לשכוח	samtˈi tizkoʁˈet velˈo hevantˈi ʔˈejχ bχˈal zˈot hitslaχtˈi liʃkoˈaχ
ניסיתי להיות רציני ובאיזשהו שלב זה כבר הפך לבדיחה	nisitˈi lihjˈot ʁtsinˈi uvʔejzeʃehˈu ʃalˈav zˈe kvˈaʁ hafˈaχ livdiχˈa
חשבתי שאני מוכן להכל ואז הגיע משהו שלא צפיתי	χaʃavtˈi ʃeʔanˈi muχˈan lhakˈol veʔˈaz hiɡiˈa maʃehˈu ʃelˈo tsafitˈi
פגשתי אנשים טובים והם פשוט עשו לי את היום	paɡaʃtˈi ʔanaʃˈim tovˈim vehˈem paʃˈut ʔasˈu lˈi ʔˈet hajˈom
עשיתי צעד קטן והוא הרגיש כמו התקדמות גדולה	ʔasitˈi tsaʔˈad katˈan vehˈu hiʁɡˈiʃ kmˈo hitkadmˈut ɡdolˈa
היה לי רגע קצר של שקט והוא נתן לי מלא כוח	hajˈa lˈi ʁeɡˈa katsˈaʁ ʃˈel ʃekˈet vehˈu natˈan lˈi malˈe koˈaχ
קניתי משהו קטן ובסוף זה גרר עוד מיליון דברים מסביב	kanitˈi maʃehˈu katˈan uvasˈof zˈe ɡaʁˈaʁ ʔˈod miljˈon dvaʁˈim misavˈiv
הבטחתי לעצמי להיות רגוע ואז מישהו לחץ לי על העצבים	hivtaχtˈi lʔatsmˈi lihjˈot ʁaɡuˈa veʔˈaz miʃehˈu laχˈats lˈi ʔˈal haʔatsabˈim
חשבתי לעשות הפסקה קצרה ופתאום עבר חצי יום	χaʃavtˈi laʔasˈot hafsakˈa ktsaʁˈa ufitʔˈom ʔavˈaʁ χatsˈi jˈom
ישבתי לחשוב רגע ובלי לשים לב כבר הייתי עמוק בתוך זה	jaʃavtˈi laχaʃˈov ʁeɡˈa uvlˈi lasˈim lˈev kvˈaʁ hajitˈi ʔamˈok btˈoχ zˈe
אמרתי שהפעם אני באמת מתארגן בזמן ובסוף שוב מיהרתי	ʔamaʁtˈi ʃehapaʔˈam ʔanˈi beʔemˈet mitʔaʁɡˈen bizmˈan uvasˈof ʃˈuv mihaʁtˈi
אמרתי לעצמי להיות רגוע ופשוט נהניתי מכל רגע	ʔamaʁtˈi lʔatsmˈi lihjˈot ʁaɡuˈa ufaʃˈut nehenetˈi mikˈal ʁeɡˈa
לא תכננתי כלום והיום התמלא בדברים טובים מעצמם	lˈo tiχnantˈi klˈum vehajˈom hitmalˈe bidvaʁˈim tovˈim meʔatsmˈam
נכנסתי לשיחה סתם בכאילו ובסוף יצא דיבור ממש עמוק	niχnastˈi lasiχˈa stˈam biχʔilˈu uvasˈof jatsˈa dibˈuʁ mamˈaʃ ʔamˈok
היה לי תכנון ברור ואז המציאות פשוט צחקה לי בפנים	hajˈa lˈi tiχnˈun baʁˈuʁ veʔˈaz hamtsiʔˈut paʃˈut tsaχakˈa lˈi bifnˈim
ניסיתי לעשות את זה פשוט ובדרך איכשהו זה נהיה מסובך יותר	nisitˈi laʔasˈot ʔˈet zˈe paʃˈut uvadeʁˈeχ ʔejχʃehˈu zˈe nihjˈe msubˈaχ jotˈeʁ
התעוררתי עם אנרגיות טובות והכול פשוט זרם לי היום	hitʔoʁaʁtˈi ʔˈim ʔeneʁɡijˈot tovˈot vehakˈol paʃˈut zaʁˈam lˈi hajˈom
קבעתי לצאת רק קצת והיום הפך למלא חוויות טובות	kavaʔtˈi latsˈet ʁˈak ktsˈat vehajˈom hafˈaχ lmalˈe χavajˈot tovˈot
נפגשנו סתם לכוס קפה ויצאה שיחה ממש נעימה	nifɡaʃnˈu stˈam lχˈos kafˈe vejatsʔˈa siχˈa mamˈaʃ nʔimˈa
הייתי בטוח שזה יהיה רגיל ויצא הרבה יותר טוב ממה שציפיתי	hajitˈi batuˈaχ ʃezˈe jihjˈe ʁaɡˈil vejatsˈa haʁbˈe jotˈeʁ tˈov mimˈa ʃetsipitˈi
יצאתי להליכה קצרה וחזרתי עם חיוך גדול על הפנים	jatsatˈi lahaliχˈa ktsaʁˈa veχazaʁtˈi ʔˈim χijˈuχ ɡadˈol ʔˈal hapanˈim
עשיתי משהו קטן בשביל מישהו וקיבלתי פי כמה חזרה בלב	ʔasitˈi maʃehˈu katˈan biʃvˈil miʃehˈu vekibaltˈi pˈi kamˈa χazʁˈa blˈev
חשבתי שזה יום רגוע והוא הפך ליום ממש כיף	χaʃavtˈi ʃezˈe jˈom ʁaɡuˈa vehˈu hafˈaχ ljˈom mamˈaʃ kˈef
עשיתי הפסקה קטנה והיא נתנה לי בוסט מטורף להמשך	ʔasitˈi hafsakˈa ktanˈa vehˈi natnˈa lˈi bˈost mtoʁˈaf lhemʃˈeχ
הלכתי בלי ציפיות ויצאתי עם תחושה ממש טובה	halaχtˈi blˈi tsipijˈot vejatsatˈi ʔˈim tχuʃˈa mamˈaʃ tovˈa
השקעתי קצת זמן ופתאום הכול הסתדר בצורה מושלמת	haʃkaʔatˈi ktsˈat zmˈan ufitʔˈom hakˈol histadˈeʁ btsuʁˈa muʃlemˈet
טלסקופ החלל החדש צילם גלקסיות ספירליות במרחק עצום ממערכת השמש שלנו.	teleskˈop heχalˈal heχadˈaʃ tsilˈem ɡalaksjˈot spiʁalijˈot bmeʁχˈak ʔatsˈum mimaʔaʁeχˈet haʃemˈeʃ ʃelanˈu.
השף הצרפתי הכין פונדו גבינות מבעבע עם צ'יפס פריך וקרוטונים מתובלים.	haʃˈef hatsaʁfatˈi heχˈin pundˈo ɡvinˈot mvaʔbeˈa ʔˈim tʃˈips pʁˈiχ ukʁotonˈim mtubalˈim.
האלגוריתם המתוחכם הצליח לפענח הצפנה קוונטית בזמן אמת ללא שגיאות מערכת.	haʔalɡoʁˈitm hamtuχkˈam hitsliˈaχ lfaʔneˈaχ hatspanˈa kvantˈit bizmˈan ʔemˈet llˈo ʃɡiʔˈot maʔaʁeχˈet.
הארכיאולוגים גילו בחפירות פסיפס ביזנטי עתיק ונדיר שנשתמר בצורה יוצאת דופן.	haʔaʁχeʔoloɡˈim ɡilˈu baχafiʁˈot psifˈas bizantˈi ʔatˈik venadˈiʁ ʃeniʃtamˈeʁ btsuʁˈa jotsˈet dofˈen.
האינפלציה הדוהרת השפיעה דרמטית על שוק המניות והובילה לקריסת בנקים מקומיים.	haʔinflatsjˈa hadoheʁˈet haʃfiʔˈa dʁamatˈit ʔˈal ʃˈuk hamnajˈot vehovilˈa likʁisˈat bankˈim mkomijˈim.
הסופר פרסם אנתולוגיה מרתקת של סיפורי מדע בדיוני ופנטזיה אפלה לנוער.	hasofˈeʁ piʁsˈem ʔantoloɡjˈa mʁatekˈet ʃˈel sipuʁˈej madˈa bidjonˈi ufantazjˈa ʔafelˈa lnoʔˈaʁ.
הדוגמנית לבשה ז'קט קטיפה בצבע בורדו עם אקססוריז נוצצים ונעלי עקב.	haduɡmanˈit lavʃˈa ʒakˈet ktifˈa btsevˈa boʁdˈo ʔˈim ʔekssoʁˈiz notstsˈim venaʔalˈej ʔekˈev.
הפיורדים בנורווגיה מציעים נופים עוצרי נשימה של הרים תלולים ומים צלולים.	hapijoʁdˈim bnoʁveɡjˈa matsiʔˈim nofˈim ʔotsʁˈej nʃimˈa ʃˈel haʁˈim tlulˈim umajˈim tslulˈim.
הקואליציה והאופוזיציה ניהלו עימות סוער בוועדת החוקה סביב הרפורמה המשפטית החדשה.	hakoʔalitsjˈa vehaʔopozitsjˈa nihalˈu ʔimˈut soʔˈeʁ bvaʔadˈat haχukˈa svˈiv haʁefoʁmˈa hamiʃpatˈit haχadaʃˈa.
הפסיכיאטר רשם תרופה אנטיביוטית ופסיכואקטיבית לטיפול בתסמינים כרוניים של חרדה חברתית.	hapsiχiʔatˈeʁ ʁaʃˈam tʁufˈa ʔantibijotˈit ufsiχoʔaktivˈit ltipˈul btasminˈim kʁonijˈim ʃˈel χaʁadˈa χevʁatˈit.
גורדי השחקים במטרופולין תוכננו על ידי ארכיטקט מפורסם בסגנון פוסט מודרני.	ɡoʁdˈej haʃχakˈim bmetʁopolˈin tuχnnˈu ʔˈal jdˈej ʔaʁχitˈekt mfuʁsˈam bsiɡnˈon pˈost modeʁnˈi.
המנוע ההיברידי של הרכב מאפשר חיסכון אנרגטי משמעותי והפחתת זיהום האוויר.	hamanoˈa hahevʁidˈi ʃˈel haʁeχˈev mʔafʃˈeʁ χisaχˈon ʔeneʁɡetˈi maʃmaʔutˈi vehafχatˈat zihˈum haʔavˈiʁ.
התערוכה במוזיאון מציגה פורטרטים אבסטרקטיים שנוצרו בטכניקות מעורבות של צבעי שמן.	hataʔaʁuχˈa bmuzeʔˈon matsiɡˈa poʁtʁatˈim ʔavstʁaktijˈim ʃenotsʁˈu bteχnikˈot mʔoʁavˈut ʃˈel tsivʔˈi ʃemˈen.
הווטרינר בדק את התוכי המדבר והמליץ על תזונה עשירה בוויטמינים ומינרלים.	haveteʁinˈaʁ badˈak ʔˈet hatuχˈi hamidbˈaʁ vehimlˈits ʔˈal tzunˈa ʔaʃiʁˈa bvitaminˈim umineʁalˈim.
מטאורולוגים חזרו וצפו סופת הוריקן עוצמתית שתפגע בערי החוף בשבוע הבא.	meteʔoʁoloɡˈim χazʁˈu vetsafˈu sufˈat hoʁikˈan ʔotsmatˈit ʃetifɡˈa baʔaʁˈej haχˈof baʃavuˈa habˈa.
הבמאי זכה בפרס האוסקר על סרט דוקומנטרי העוסק במשבר האקלים העולמי.	habamˈaj zaχˈa bifʁˈas haʔoskˈaʁ ʔˈal seʁˈet dokomentaʁˈi haʔosˈek bmaʃbˈeʁ haʔaklˈim haʔolamˈi.
השחקנים התחברו לשרת וניהלו קרב אסטרטגי וירטואלי מול מפלצות פנטסטיות אימתניות.	hasaχkanˈim hitχabʁˈu lʃaʁˈet venihalˈu kʁˈav ʔastʁateɡˈi viʁtuʔalˈi mˈul miflatsˈot fantastijˈot ʔimtanijˈot.
האקזיסטנציאליזם מתמקד במשמעות הקיום האנושי, חופש הבחירה ואחריות אישית בעולם אבסורדי.	haʔakzistentsjalˈizm mitmakˈed bmaʃmaʔˈut hakijˈum haʔenoʃˈi, χofˈeʃ habχiʁˈa veʔaχʁajˈut ʔiʃˈit baʔolˈam ʔabsuʁdˈi.
הפונטיקה עוסקת בחקר החיתוך, ההפקה והתפיסה של צלילי השפה המדוברת בפינו.	hafontikˈa ʔosekˈet bχekˈeʁ haχitˈuχ, hahafakˈa vehatfisˈa ʃˈel tslilˈej hasafˈa hamdubeʁˈet bfinˈu.
תיאוריית הדיסוננס הקוגניטיבי מסבירה את הקונפליקט הפנימי הנוצר עקב אמונות סותרות.	teʔoʁjˈat hadisonˈans hakoɡnitivˈi masbiʁˈa ʔˈet hakonflˈikt hapnimˈi hanotsˈaʁ ʔekˈev ʔemunˈot sotʁˈot.
עורך הדין הציג תקדים משפטי מורכב ששינה את החלטת חבר המושבעים.	ʔoʁˈeχ hadˈin hitsˈiɡ takdˈim miʃpatˈi muʁkˈav ʃeʃinˈa ʔˈet haχlatˈat χavˈeʁ hamuʃbaʔˈim.
תורת היחסות של איינשטיין חוללה מהפכה בהבנתנו את המרחב, הזמן והכבידה.	toʁˈat hajaχasˈut ʃˈel ʔajnʃtˈejn χollˈa mahpeχˈa bhavanatenˈu ʔˈet hameʁχˈav, hazmˈan vehakvidˈa.
תגובה אקסותרמית מתרחשת כאשר חומרים כימיים מתרכבים ומשחררים אנרגיית חום לסביבה.	tɡuvˈa ʔeksotʁamˈit mitʁaχeʃˈet kaʔaʃˈeʁ χomaʁˈim kimijˈim mitʁakvˈim umʃaχʁʁˈim ʔeneʁɡijˈat χˈom lasvivˈa.
הפדגוגיה המודרנית דוגלת בלמידה חווייתית המותאמת אישית לצרכים הקוגניטיביים של התלמיד.	hapedaɡoɡjˈa hamodeʁnˈit doɡelˈet bilmidˈa χavajatˈit hamutʔemˈet ʔiʃˈit latsʁaχˈim hakoɡnitivijˈim ʃˈel hatalmˈid.
הקברניט הודיע לנוסעים על מערבולות אוויר פתאומיות וביקש לחגור חגורות בטיחות.	hakabaʁnˈit hodiˈa lanosʔˈim ʔˈal mʔaʁbolˈot ʔavˈiʁ pitʔomijˈot uvikˈeʃ laχaɡˈoʁ χaɡoʁˈot btiχˈut.
הפוטוסינתזה היא תהליך קריטי בו צמחים מייצרים פחמימות בעזרת אנרגיית השמש.	hafotusintzˈa hˈi tahalˈiχ kʁitˈi bˈo tsmaχˈim mjatsʁˈim paχmimˈot bʔezʁˈat ʔeneʁɡijˈat haʃemˈeʃ.
הגיאומטריה האנליטית משלבת אלגברה מופשטת כדי לפתור משוואות של עקומות ופונקציות.	haɡeʔometʁijˈa haʔanalitˈit mʃalevˈet ʔalɡebʁˈa mufʃetˈet kdˈej liftˈoʁ miʃvaʔˈot ʃˈel ʔakumˈot ufunktsijˈot.
הצוללת הרובוטית חקרה את שונית האלמוגים וגילתה מינים אקזוטיים של רכיכות.	hatsolelˈet haʁobotˈit χakʁˈa ʔˈet ʃonˈit haʔalmoɡˈim veɡiltˈa minˈim ʔekzotijˈim ʃˈel ʁχiχˈot.
השחקנית הראשית ביצעה מונולוג דרמטי ומרגש שסחט מחיאות כפיים סוערות מהקהל.	hasaχkanˈit haʁaʃˈit bitsʔˈa monolˈoɡ dʁamatˈi umʁaɡˈeʃ ʃesaχˈat mχiʔˈot kapajˈim soʔaʁˈot mehakahˈal.
מיחזור פסולת אלקטרונית מסייע בהפחתת פליטת גזי חממה ושמירה על הביוספרה.	mijaχzˈoʁ psolˈet ʔelektʁonˈit msajeˈa bhafχatˈat plitˈat ɡazˈi χamamˈa uʃmiʁˈa ʔˈal habijospʁˈa.
תהליך הסוציאליזציה משפיע על הדרך בה אינדיבידואלים רוכשים נורמות וערכים תרבותיים.	tahalˈiχ hasotsjalizatsjˈa maʃpiˈa ʔˈal hadeʁˈeχ bˈa ʔindividuʔalˈim ʁoχʃˈim noʁamˈot vaʔaʁaχˈim taʁbutijˈim.
הטקסטים האפוקליפטיים בתיאולוגיה העתיקה מתארים חזונות מיסטיים על קץ הימים והגאולה.	hatekstˈim haʔapokaliptijˈim bateʔoloɡjˈa heʔatikˈa mtaʔaʁˈim χazonˈot mistijˈim ʔˈal kˈets hajamˈim vehaɡʔulˈa.
דיאטנים ממליצים על צריכת קטניות, דגנים מלאים ופרוביוטיקה לשמירה על המיקרוביום.	diʔatanˈim mamlitsˈim ʔˈal tsʁiχˈat kitnijˈot, dɡanˈim mleʔˈim ufʁobijotikˈa liʃmiʁˈa ʔˈal hamikʁobijˈom.
האומן יצר כלי קרמיקה דקורטיביים בעזרת אבנים, חימר טבעי וגלזורה צבעונית.	haʔumˈan jatsˈaʁ klˈej kʁamikˈa dekoʁativijˈim bʔezʁˈat ʔavanˈim, χemˈeʁ tivʔˈi veɡlazuʁˈa tsivʔonˈit.
האסטרונאוטים בתחנת החלל הבינלאומית מבצעים ניסויים בתנאי חוסר כבידה שמשפיעים על הפיזיולוגיה.	haʔastʁonaʔutˈim btaχanˈat heχalˈal habenlʔumˈit mvatsʔˈim nisujˈim bitnaʔˈej χosˈeʁ kvidˈa ʃemaʃpiʔˈim ʔˈal hafizjoloɡjˈa.
החוקרים תיעדו שבטים ילידיים החיים בבידוד מוחלט ביערות האמזונס.	haχokʁˈim teʔadˈu ʃvatˈim jlidijˈim haχajˈim bvidˈud muχlˈat bajʔaʁˈot haʔamzonˈas.
חוקרי הגנטיקה פענחו את הרצף המורכב כדי לאתר מוטציות תורשתיות נדירות.	χokʁˈej haɡenetikˈa piʔnχˈu ʔˈet haʁetsˈef hamuʁkˈav kdˈej lʔatˈeʁ mutatsjˈot toʁaʃtijˈot ndiʁˈot.
המיזם הטכנולוגי גייס הון סיכון אדיר לפיתוח פלטפורמה אינטראקטיבית מבוססת אלגוריתמים.	hamezˈam hateχnoloɡˈi ɡajejˈes hˈon sikˈun ʔadˈiʁ lfituˈaχ platfoʁmˈa ʔinteʁʔaktivˈit mvusesˈet ʔalɡoʁitmˈim.
המהנדסים תכננו גשר תלוי עם כבלי פלדה שיעמוד ברעידות אדמה חזקות.	hamhandsˈim tiχnnˈu ɡeʃˈeʁ talˈuj ʔˈim kavlˈej pladˈa ʃejaʔamˈod biʁʔidˈot ʔadamˈa χazakˈot.
התיירים סיירו בטירה הסקוטית ושמעו אגדות אורבניות על רוחות רפאים עתיקות.	hatajaʁˈim sijʁˈu batiʁˈa haskotˈit veʃamʔˈu ʔaɡadˈot ʔuʁbanijˈot ʔˈal ʁuχˈot ʁfaʔˈim ʔatikˈot.
הכוריאוגרף שילב אלמנטים של בלט קלאסי, היפ-הופ וריקוד מודרני במופע.	hakoʁeʔoɡʁˈaf ʃilˈev ʔelementˈim ʃˈel balˈat klasˈi, hˈap hˈop veʁikˈud modeʁnˈi bamofˈa.
איסוף בולים דורש סבלנות, פינצטה עדינה וזכוכית מגדלת לבחינת הפרטים.	ʔisˈuf bulˈim doʁˈeʃ savlanˈut, fintstˈa ʔadinˈa uzχuχˈit mɡdelˈet livχinˈat hapʁatˈim.
מטבעות קריפטוגרפיים מבוזרים מאובטחים באמצעות בלוקצ'יין וחוזים חכמים נגד מתקפות סייבר.	matbʔˈot kʁiptoɡʁafijˈim mvuzaʁˈim mʔuvtaχˈim bʔemtsaʔˈut blˈuktʃjn veχozˈim χaχamˈim neɡˈed mitkafˈot sajbˈeʁ.
דיונונים ענקיים משתמשים בהסוואה אופטית ובזרועות שריריות כדי לצוד במעמקי האוקיינוס.	djononˈim ʔanakijˈim miʃtamʃˈim bhasvaʔˈa ʔoptˈit uvizʁoʔˈot ʃʁiʁijˈot kdˈej latsˈud bmaʔamakˈej haʔokjanˈos.
האפידמיולוגים עקבו אחר התפשטות הנגיף המוטנטי באמצעות בדיקות סרולוגיות וריצוף גנטי.	haʔepidamijoloɡˈim ʔakvˈu ʔaχˈeʁ hitpaʃtˈut hanɡˈif hamutantˈi bʔemtsaʔˈut bdikˈot sʁoloɡjˈot veʁitsˈuf ɡenetˈi.
מסוקי האפאצ'י המתקדמים ביצעו תמרונים אווירובטיים מסובכים מעל בסיס חיל האוויר בדרום.	misokˈej haʔapatʃˈi hamitkadmˈim bitsʔˈu tamʁunˈim ʔaviʁovatijˈim msubaχˈim meʔˈal bsˈis χˈel haʔavˈiʁ badaʁˈom.
אימפריית האינקה ניהלה רשת דרכים מסועפת בהרי האנדים למרות היעדר גלגלים.	ʔimpeʁjˈat haʔinkˈa nihalˈa ʁeʃˈet dʁaχˈim msoʔefˈet bhaʁˈej haʔandˈim lamʁˈot heʔadˈeʁ ɡalɡalˈim.
תיבת ההילוכים האוטומטית הרציפה משפרת את ההאצה ומקטינה את צריכת הדלק.	tevˈat hahiluχˈim haʔotomatˈit haʁtsifˈa mʃapeʁˈet ʔˈet hahʔatsˈa umaktinˈa ʔˈet tsʁiχˈat hadelˈek.
הלטאה מסוגלת להניע כל עין בנפרד ולשגר לשון דביקה במהירות.	haltaʔˈa msuɡelˈet lhaniˈa kˈal ʔajˈin bnifʁˈad ulʃaɡˈeʁ laʃˈon dvikˈa bimhiʁˈut.
חלקיקים חסרי מסה כמעט חולפים דרך כדור הארץ ללא שום אינטראקציה.	χelkikˈim χasʁˈej masˈa kimʔˈat χolfˈim deʁˈeχ kadˈuʁ haʔaʁˈets llˈo ʃˈum ʔinteʁʔaktsijˈa.
סרטי אנימציה ממוחשבים דורשים חוות שרתים עצומות לרינדור גרפי של טקסטורות מורכבות.	siʁtˈej ʔanimatsjˈa mmuχʃavˈim doʁʃˈim χavˈat ʃʁatˈim ʔatsumˈot lʁindˈoʁ ɡʁafˈi ʃˈel tekstoʁˈot muʁkavˈot.
צמחים טורפים נסגרים ברגע שחרק נוגע בשערות החישה הזעירות.	tsmaχˈim toʁfˈim nisɡaʁˈim baʁeɡˈa ʃeχaʁˈak noɡeˈa bsaʔaʁˈot haχiʃˈa hazʔiʁˈot.
קניונים גיאולוגיים עמוקים נוצרים לאורך מיליוני שנים עקב שחיקה של זרמי נהרות.	kanjonˈim ɡeʔoloɡijˈim ʔamukˈim notsaʁˈim lʔoʁˈeχ miljonˈej ʃanˈim ʔekˈev ʃχikˈa ʃˈel ziʁmˈej nhaʁˈot.
כרומטוגרפיה נוזלית יעילה משמשת להפרדת תרכובות אורגניות בתעשיית התרופות והקוסמטיקה המודרנית.	kʁomtoɡʁafjˈa nozlˈit jʔilˈa mʃameʃˈet lhafʁadˈat taʁkuvˈot ʔoʁɡanijˈot btaʔasijˈat hatʁufˈot vehakosmetikˈa hamodeʁnˈit.
הדרקון המיתולוגי ירק אש קטלנית ומרחף מעל טירת האבירים העתיקה באירופה.	hadʁakˈon hamitoloɡˈi jeʁˈak ʔˈeʃ katlanˈit umʁaχˈef meʔˈal tiʁˈat haʔabiʁˈim haʔatikˈa bʔejʁopˈa.
ממשק המשתמש האינטראקטיבי באפליקציה תוכנן בקפידה כדי להעניק חווית ניווט אינטואיטיבית וחלקה.	mimeʃˈek hamiʃtamˈeʃ haʔinteʁʔaktivˈi bʔaplikatsjˈa tuχnˈan bikfidˈa kdˈej lhaʔanˈik χavajˈat nijvˈut ʔintuʔitivˈit veχelkˈa.
השחקנים החסונים התנגשו בעוצמה במהלך משחק הגמר הדרמטי באצטדיון הלאומי הומה האדם.	hasaχkanˈim haχasonˈim hitnaɡʃˈu bʔotsmˈa bmahalˈaχ misχˈak haɡmˈaʁ hadʁamatˈi baʔitstadjˈon halʔumˈi homˈe haʔadˈam.
פיסול ברונזה קלאסי דורש יציקת מתכת מותכת לתבניות שעווה נמסות בטמפרטורות גבוהות.	fisˈul bʁonzˈa klasˈi doʁˈeʃ jtsikˈat mateχˈet moteχˈet ltavnijˈot ʃeʔavˈa nmasˈot btempeʁatuʁˈot ɡvohˈot.
הקרטל הבינלאומי של יצרניות הנפט מניפולטיבי ומשפיע משמעותית על תנודות המחירים בשוק.	hakaʁtˈel habenlʔumˈi ʃˈel jatsʁanijˈot hanˈeft manipulativˈi umaʃpiˈa maʃmaʔutˈit ʔˈal tnudˈot hamχiʁˈim baʃˈuk.
כלבי תחש גזעיים נוטים לסבול מבעיות אורתופדיות בעמוד השדרה עקב מבנה גופם הארוך.	kalvˈej taχˈaʃ ɡizʔijˈim notˈim lisbˈol mibʔajˈot ʔoʁtopdijˈot bʔamˈud haʃidʁˈa ʔekˈev mivnˈe ɡufˈam haʔaʁˈoχ.
טיפול קוגניטיבי התנהגותי מסייע למטופלים לזהות ולשנות דפוסי חשיבה דפרסיביים וחרדתיים.	tipˈul koɡnitivˈi hitnahaɡutˈi msajeˈa limtupalˈim lzahˈot ulʃanˈot dfusˈej χaʃivˈa dfeʁsivijˈim veχeʁdatijˈim.
הקונגרס האמריקאי אישר תקציב פדרלי אסטרונומי לשיקום תשתיות ופיתוח פרויקטים סביבתיים ירוקים.	hakonɡʁˈes haʔameʁikaʔˈi ʔiʃˈeʁ taktsˈiv fedeʁalˈi ʔastʁonomˈi lʃikˈum taʃtijˈot ufituˈaχ pʁojektˈim svivatijˈim jʁukˈim.
מעצבת האופנה שילבה בדים סינתטיים ממוחזרים בקולקציית האביב שהוצגה בפריז.	mʔatsevˈet haʔofnˈa ʃilvˈa badˈim sintetijˈim mmuχzaʁˈim bakolektsjˈat haʔavˈiv ʃehutsɡˈa bfaʁˈiz.
סופות רעמים טרופיות מלוות בברקים מסנוורים, מטחי ברד כבדים ומשבי רוח עזים במיוחד.	sufˈot ʁʔamˈim tʁopijˈot mlvˈot bivʁakˈim msanvʁˈim, matχˈej beʁˈad kvedˈim umaʃvˈej ʁuˈaχ ʔazˈim bimjuχˈad.
אמן האשליות ביצע טריק טלפתיה מדהים שהשאיר את הקהל הסקפטי המום לחלוטין.	ʔamˈan haʔaʃlajˈot bitseˈa tʁˈik telepatijˈa madhˈim ʃehiʃʔˈiʁ ʔˈet hakahˈal haskpatˈi hamˈum laχalutˈin.
הטרנזיסטורים הזעירים במעבד המחשב פועלים כמתגים אלקטרוניים זעירים המעבדים מידע בינארי.	hatʁanzistoʁˈim hazʔiʁˈim bimaʔabˈad hamaχʃˈev poʔalˈim kmtaɡˈim ʔelektʁonijˈim zʔiʁˈim hamʔabadˈim medˈa binaʁˈi.
דבורי הדבש האפריקאיות אגרסיביות יותר בהגנה על הכוורת מאשר זנים אירופאים מתורבתים.	diboʁˈej hadvˈaʃ haʔafʁikaʔijˈot ʔaɡʁesivijˈut jotˈeʁ bahaɡanˈa ʔˈal hakaveʁˈet meʔaʃˈeʁ zanˈim ʔejʁopeʔˈim mtoʁbatˈim.
קליית פולי הקפה האתיופיים מדגישה טעמים פירותיים ופרופיל ארומטי בעל חמיצות מעודנת.	kilijˈat polˈej hakafˈe haʔetjopijˈim madɡiʃˈa tʔamˈim peʁotijˈim ufʁofˈil ʔaʁomatˈi baʔˈal χamitsˈut mʔudenˈet.
פמיניזם רדיקלי קורא לשינוי יסודי במבנים של החברה והתרבות המערבית המודרנית.	feminˈizm ʁadikalˈi koʁˈe lʃinˈuj jsodˈi bmivnˈim ʃˈel haχevʁˈa vehataʁbˈut hamaʔaʁavˈit hamodeʁnˈit.
הטורבינות הענקיות בסכר ממירות את האנרגיה הקינטית של המים לחשמל זמין.	hatuʁbinˈot haʔanakijˈot bseχˈeʁ mmeʁˈot ʔˈet haʔeneʁɡijˈa hakinetˈit ʃˈel hamajˈim lχaʃmˈal zamˈin.
פלאש המצלמה מאפשר הקפאת תנועה של אובייקטים מהירים בחושך כמעט מוחלט.	plˈaʃ hamatslemˈa mʔafʃˈeʁ hakpaʔˈat tnuʔˈa ʃˈel ʔobjektˈim mhiʁˈim baχoʃˈeχ kimʔˈat muχlˈat.
הוא כתב סאטירה פוליטית נושכת המבקרת את הביורוקרטיה הממשלתית דרך מצבים אבסורדיים.	hˈu katˈav satiʁˈa politˈit noʃeχˈet hamvakeʁˈet ʔˈet habijuʁokʁatjˈa hamemʃaltˈit deʁˈeχ matsavˈim ʔabsuʁdijˈim.
בלשי המשטרה השתמשו בזיהוי פלילי וטביעות אצבע כדי ללכוד את השודד הסדרתי.	bilʃˈej hamiʃtaʁˈa hiʃtamʃˈu bzihˈuj plilˈi utviʔˈot ʔetsbˈa kdˈej lilkˈod ʔˈet haʃodˈed hasidʁatˈi.
פרקטלים גיאומטריים מציגים דמיון עצמי בכל קנה מידה ונמצאים רבות בטבע סביבנו.	pʁaktelˈim ɡeʔometʁijˈim matsiɡˈim dimjˈon ʔatsmˈi bχˈal kanˈe midˈa venimtsaʔˈim ʁabˈot batevˈa svivenˈu.
אנטיאוקסידנטים הנמצאים בפירות יער מנטרלים רדיקלים חופשיים ומאטים את תהליך ההזדקנות התאית.	ʔanteʔoksidentˈim hanimtsaʔˈim bfeʁˈot jaʔˈaʁ minatʁalˈim ʁadikalˈim χofʃijˈim umʔitˈim ʔˈet tahalˈiχ hahizdaknˈut hataʔˈit.
נזירים בודהיסטים יושבים שעות ארוכות במקדשים מבודדים בהרי ההימלאיה כדי להגיע להארה.	nziʁˈim bodhistˈim joʃvˈim ʃaʔˈot ʔaʁukˈot bmikdaʃˈim mvudadˈim bhaʁˈej hahimalaʔajˈa kdˈej lhaɡiˈa lheʔaʁˈa.
הטרקטורון הכבד פינה פסולת בניין גושית מאתר החפירות הארכיאולוגי כדי למנוע נזק.	hatʁaktoʁˈon hakavˈed pinˈa psolˈet binjˈan ɡuʃˈit meʔatˈaʁ haχafiʁˈot haʔaʁχeʔoloɡˈi kdˈej limnoˈa nezˈek.
רופא השיניים התקין שתלי טיטניום והמליץ על שטיפות פלואוריד למניעת עששת חמורה.	ʁofˈe haʃinajˈim hitkˈin ʃetlˈej titanjˈum vehimlˈits ʔˈal ʃtifˈot floʔoʁˈid limniʔˈat ʔaʃaʃˈat χamuʁˈa.
רכבות קליע מגנטיות מרחפות מעל המסילה ומגיעות למהירויות פסיכיות ללא חיכוך מכני.	ʁakavˈot kaliˈa meɡenetijˈot mʁaχafˈot meʔˈal hamsilˈa umaɡiʔˈot limhiʁujˈot psiχijˈot llˈo χikˈuχ meχanˈi.
קוביות הלגו הפלסטיות מאפשרות הרכבת מודלים תלת מימדיים מורכבים במגוון צבעים זרחניים.	kubijˈot haleɡˈo hafalastijˈot mʔafʃʁˈot haʁakevˈet modelˈim tlˈat mimadijˈim muʁkavˈim bmiɡvˈan tsvaʔˈim zaʁχanijˈim.
מערכת הניווט הלוויינית חישבה מסלול אלטרנטיבי עקב פקק תנועה אינסופי בכביש המהיר.	maʔaʁeχˈet hanijvˈut halvjanˈit χiʃvˈa maslˈul ʔalteʁnativˈi ʔekˈev pkˈak tnuʔˈa ʔejnsofˈi bakvˈiʃ hamahˈiʁ.
שלד הדינוזאור שהתגלה במדבר שייך לטורף דו רגלי מתקופת הקרטיקון.	ʃelˈed hadinozaʔˈuʁ ʃehitɡalˈa bamidbˈaʁ ʃajˈaχ ltoʁˈef dˈu ʁaɡlˈej mitkufˈat hakaʁtikˈon.
חובבי אוריגמי מקפלים ניירות מרובעים ליצירת דמויות זעירות ומורכבות ללא שימוש במספריים.	χovvˈej ʔoʁiɡamˈi mkaplˈim njaʁˈot mʁubaʔˈim litsiʁˈat dmujˈot zʔiʁˈot umuʁkavˈot llˈo ʃimˈuʃ bmispaʁajˈim.
פיתוח מודלים מבוססי טקסט מצריך חומרה גרפית עוצמתית עם זיכרון רחב.	pituˈaχ modelˈim mvusasˈej tˈekst matsʁˈiχ χumʁˈa ɡʁafˈit ʔotsmatˈit ʔˈim zikaʁˈon ʁaχˈav.
מערכות זיהוי דיבור מתקשות לעיתים בפענוח חיתוך הפקה של עיצורים סדקיים וגרוניים.	maʔaʁχˈot zihˈuj dibˈuʁ mitkaʃˈot lʔitˈim bfiʔnuˈaχ χitˈuχ hafakˈa ʃˈel ʔitsuʁˈim sdakijˈim uɡʁonijˈim.
חללית המחקר שוגרה בהצלחה כדי לאסוף דגימות קרקע מאסטרואיד קרוב לכדור הארץ.	χalalˈit hameχkˈaʁ ʃuɡʁˈa bhatslaχˈa kdˈej leʔesˈof dɡimˈot kaʁkˈa meʔastʁoʔˈid kaʁˈov lχadˈuʁ haʔaʁˈets.
הרנסנס האיטלקי התאפיין בפריחה חסרת תקדים של אמנות פלסטית, אדריכלות והגות הומניסטית.	haʁenesˈans haʔitalkˈi hitʔafjˈen bifʁiχˈa χasʁˈat takdˈim ʃˈel ʔamanˈut plastˈit, ʔadʁiχalˈut vehaɡˈut humanistˈit.
הרופא המומחה רשם אנטיביוטיקה רחבת טווח לטיפול בזיהום החיידקי החריף במערכת הנשימה.	haʁofˈe hamumχˈe ʁaʃˈam ʔantibijotikˈa ʁaχavˈat tvˈaχ ltipˈul bazihˈum haχajdakˈi heχaʁˈif bmaʔaʁeχˈet hanʃimˈa.
שף המסעדה מכין ריזוטו פטריות כמהין מוקרם עם פרמז'ן, יין לבן ועירית.	ʃˈef hamisʔadˈa meχˈin ʁizotˈo pitʁijˈot kmehˈin mukʁˈam ʔˈim paʁmʒˈan, jajˈin lavˈan veʔiʁˈit.
גולשי הגלים המקצוענים התמודדו עם כל ענק וזרמים חזקים בחוף המפורסם בהוואי.	ɡolʃˈej haɡalˈim hamiktsoʔanˈim hitmoddˈu ʔˈim kˈal ʔanˈak uzʁamˈim χazakˈim bχˈof hamfuʁsˈam bhevaʔˈi.
מפתחי התוכנה בנו תשתית אסינכרונית מהירה ויעילה לעיבוד מקבילי של נתוני משתמשים.	mfatχˈej hatoχnˈa banˈu taʃtˈit ʔasinχʁonˈit mhiʁˈa viʔilˈa lʔibˈud makbilˈej ʃˈel ntunˈej miʃtamʃˈim.
מדבר בצ'ילה נחשב לאזור היבש ביותר בעולם ומספק תנאים אידיאליים לתצפיות.	mdabˈeʁ btʃilˈe neχeʃˈav lʔezˈoʁ hajavˈeʃ bjotˈeʁ baʔolˈam umsapˈek tnaʔˈim ʔideʔalijˈim ltatspijˈot.
הדיפלומטים חתמו על אמנה בינלאומית מקיפה לצמצום מאגר הנשק הגרעיני והביולוגי בעולם.	hadiplomatˈim χatmˈu ʔˈal ʔamanˈa benlʔumˈit makifˈa ltsimtsˈum maʔaɡˈaʁ haneʃˈek haɡaʁʔinˈi vehabijoloɡˈi baʔolˈam.
פלמינגו מצוי מקבל את צבעו הוורוד והבולט מתזונה עשירה בסרטנים זעירים ואצות.	plaminɡˈo matsˈuj mkabˈel ʔˈet tsivʔˈo hauʁˈod vehabolˈet mitzunˈa ʔaʃiʁˈa bsaʁtanˈim zʔiʁˈim veʔatsˈot.
אדריכלות מאופיינת בקשתות מחודדות, תמיכות דואות וחלונות ויטראז' צבעוניים וענקיים.	ʔadʁiχalˈut mʔufjenˈet bakʃatˈot mχudadˈot, tmiχˈut doʔˈot veχalonˈot vitʁˈaʒ tsivʔonijˈim vaʔanakijˈim.
עצי הסקויה הענקיים בקליפורניה יכולים לחיות אלפי שנים ולהגיע לגבהים בלתי נתפסים.	ʔatsˈej haskujˈa haʔanakijˈim bkalifoʁnijˈa jχolˈim liχjˈot ʔalfˈej ʃanˈim ulhaɡiˈa liɡvahˈim biltˈi nitpasˈim.
חומצה גופרתית היא נוזל קורוזיבי וחריף המשמש בתהליכים תעשייתיים רבים וייצור דשנים.	χumtsˈa ɡofʁatˈit hˈi nozˈel koʁozivˈi vaχaʁˈif hamʃamˈeʃ btahaliχˈim taʔasijatijˈim ʁabˈim vejitsˈuʁ dʃanˈim.
תיאוריית הפסיכואנליזה מתמקדת בהשפעת התת־מודע וחוויות הילדות המוקדמות על התנהגות האדם הבוגר.	teʔoʁjˈat hapsiχoʔanalizˈa mitmakedˈet bhaʃpaʔˈat hititmodeˈa vaχavujˈot hajladˈot hamukdamˈot ʔˈal hitnahaɡˈut haʔadˈam haboɡˈeʁ.
שופט בית המשפט העליון פרסם פסק דין תקדימי בנושא זכויות יוצרים דיגיטליות.	ʃofˈet bˈet hamiʃpˈat haʔeljˈon piʁsˈem psˈak dˈin takdimˈi bnosˈe zχujˈot jotsʁˈim diɡitalijˈot.
הבנק המרכזי העלה את הריבית במשק בניסיון לבלום את האינפלציה הגואה לאחרונה.	habˈank hameʁkazˈi heʔelˈa ʔˈet haʁibˈit bmeʃˈek bnisajˈon livlˈom ʔˈet haʔinflatsjˈa haɡoʔˈa laʔaχaʁonˈa.
רשת הרכבות התחתיות בלונדון היא אחת ממערכות התחבורה הציבורית הוותיקות והעמוסות בעולם.	ʁeʃˈet haʁakavˈot hataχtijˈot blondˈon hˈi ʔaχˈat mimaʔaʁχˈot hataχbuʁˈa hatsibuʁˈit havatikˈot vehaʔamusˈot baʔolˈam.
טרקטורים חקלאיים אוטונומיים מצוידים בחיישני ג'י־פי־אס מתקדמים לניווט מדויק בשדות הכותנה הרחבים.	tʁaktoʁˈim χaklaʔijˈim ʔotonomijˈim mtsujadˈim bχajʃanˈej dʒipjˈas mitkadmˈim lnijvˈut mdujˈak basadˈot hakutnˈa haʁχavˈim.
הרומן הדיסטופי מתאר חברה טוטליטרית שבה השלטון מפקח על כל צעד אזרחי.	haʁomˈan hadistopˈi mtaʔˈeʁ χevʁˈa totalitaʁˈit ʃebˈa haʃiltˈon mfakeˈaχ ʔˈal kˈal tsaʔˈad ʔezʁaχˈi.
מאיץ החלקיקים מאפשר לפיזיקאים לחקור את אבני הבניין היסודיות ביותר של החומר.	meʔˈits haχelkikˈim mʔafʃˈeʁ lfizikaʔˈim laχakˈoʁ ʔˈet ʔavnˈej habinjˈan hajsodijˈot bjotˈeʁ ʃˈel haχomˈeʁ.
מעצבי אופנה מובילים הציגו קולקציית חורף אלגנטית הכוללת מעילי צמר וצעיפי משי.	mʔatsvˈej ʔofnˈa movilˈim hitsiɡˈu kolektsjˈat χoʁˈef ʔeleɡantˈit hakolelˈet mʔilˈej tsemˈeʁ utsʔifˈej meʃˈi.
פסקול הסרט ההוליוודי הוקלט על ידי תזמורת פילהרמונית וזכה בפרסים בינלאומיים יוקרתיים.	piskˈol haseʁˈet haholijvodˈi huklˈat ʔˈal jdˈej tizmoʁˈet pilheʁmonˈit vezaχˈa bipʁasˈim benlʔumijˈim jukʁatijˈim.
הגירה המונית מהכפר לעיר משנה את המרקם החברתי ויוצרת אתגרים אורבניים מורכבים.	haɡiʁˈa hamonˈit mehakfˈaʁ laʔˈiʁ mʃanˈe ʔˈet hamiʁkˈam haχevʁatˈi vejotseʁˈet ʔetɡaʁˈim ʔuʁbanijˈim muʁkavˈim.
מערכת העצבים המרכזית כוללת את המוח וחוט השדרה ומעבדת אותות חושיים מהגוף.	maʔaʁeχˈet haʔatsabˈim hameʁkazˈit kolelˈet ʔˈet hamoˈaχ veχˈut haʃidʁˈa umʔabedˈet ʔotˈot χuʃijˈim mehaɡˈuf.
מהנדסי אלקטרוניקה מפתחים מעגלים מודפסים זעירים עבור סמארטפונים, מחשבים ניידים ומכשור רפואי.	mhandsˈej ʔelektʁonikˈa mfatχˈim maʔɡalˈim mudpasˈim zʔiʁˈim ʔavˈuʁ smaʁtfonˈim, maχʃvˈim najadˈim umiχʃˈoʁ ʁfuʔˈi.
טקטוניקת הלוחות מסבירה את נדידת היבשות, היווצרות רכסי הרים והתרחשות רעידות אדמה.	tektonikˈat haluχˈot masbiʁˈa ʔˈet ndidˈat hajabaʃˈot, hijvatsʁˈut ʁiχsˈej haʁˈim vehitʁaχaʃˈut ʁʔidˈot ʔadamˈa.
שחקני קונסולות תחרותיים מתאמנים שעות רבות ביום כדי לשפר את זמן התגובה.	saχkanˈej konsulˈot taχaʁutijˈim mitʔamnˈim ʃaʔˈot ʁabˈot bajˈom kdˈej lʃapˈeʁ ʔˈet zmˈan hatɡuvˈa.
פאנלים סולאריים על גגות הבתים מנצלים את קרינת השמש לייצור חשמל נקי.	panelˈim solaʁijˈim ʔˈal ɡaɡˈot habatˈim mnatslˈim ʔˈet kʁinˈat haʃemˈeʃ ljitsˈuʁ χaʃmˈal nakˈi.
חפירות ארכיאולוגיות בעיר דוד חשפו ממצאים נדירים מתקופת בית המקדש הראשון.	χafiʁˈot ʔaʁχeʔoloɡjˈot baʔˈiʁ davˈid χasfˈu mimtsaʔˈim ndiʁˈim mitkufˈat bˈet hamikdˈaʃ haʁiʃˈon.
כריתת יערות הגשם באמזונס מאיימת על המגוון הביולוגי ותורמת משמעותית להתחממות הגלובלית.	kʁitˈat jʔaʁˈot haɡeʃˈem bʔamzˈons mʔajemˈet ʔˈal hamiɡvˈan habijoloɡˈi vetoʁemˈet maʃmaʔutˈit lhitχammˈut haɡlubalˈit.
עדשות מאקרו מאפשרות לצלמים ללכוד פרטים זעירים של חרקים, פרחים וטקסטורות עדינות.	ʔadʃˈot meʔekʁˈo mʔafʃʁˈot latsalamˈim lilkˈod pʁatˈim zʔiʁˈim ʃˈel χaʁakˈim, pʁaχˈim vetekstuʁˈot ʔadinˈut.
תרגום סימולטני בכנסים בינלאומיים דורש ריכוז עילאי, שליטה בשפות והיכרות עם מונחים.	taʁɡˈum simoltanˈi biχnasˈim benlʔumijˈim doʁˈeʃ ʁikˈuz ʔilaʔˈi, ʃlitˈa bsafˈot vehekeʁˈut ʔˈim munaχˈim.
אורתודנטים משתמשים בגשרים שקופים ממתכת כדי ליישר שיניים ולתקן ליקויי סגר.	ʔoʁtodentˈim miʃtamʃˈim biɡʃaʁˈim ʃkufˈim mimateχˈet kdˈej ljaʃˈeʁ ʃinajˈim ultakˈen likujˈej seɡˈeʁ.
מטוס הנוסעים החדיש מצויד במנועי סילון שקטים וחסכוניים המפחיתים את זיהום האוויר.	mtˈos hanosʔˈim heχadˈiʃ mtsujˈad bimnoʔˈej silˈon ʃketˈim veχesχonijˈim hamafχitˈim ʔˈet zihˈum haʔavˈiʁ.
רובוטים תעשייתיים מבצעים פעולות הרכבה חוזרות ונשנות בדיוק מיקרוסקופי וללא כל עייפות.	ʁobotˈim taʔasijatijˈim mvatsaʔˈim pʔulˈot haʁkavˈa χozʁˈot veniʃnˈot bdijˈuk mikʁoskopˈi ullˈo kˈal ʔajefˈut.
אימוני קרוספיט משלבים הרמת משקולות אולימפית, התעמלות קרקע ותרגילים אירוביים בעצימות גבוהה.	ʔimunˈi kʁospˈit mʃalabˈim haʁamˈat miʃkolˈot ʔolimpˈit, hitʔamlˈut kaʁkˈa vetaʁɡilˈim ʔejʁobijˈim baʔatsimˈut ɡvohˈa.
"ספינות משא ענקיות מנווטות באוקיינוסים באמצעות מערכות מכ""ם מתקדמות ותקשורת לוויינית מאובטחת."	sfinˈot masˈa ʔanakijˈot mnvatˈot baʔokjanosˈim bʔemtsaʔˈut maʔaʁaχˈot mˈikm mitkadmˈot vetikʃoʁˈet lavjanˈit mʔuvtaχˈat.
המשפט האחרון העסיק מתמטיקאים דגולים במשך מאות שנים עד שהוכח.	hamiʃpˈat haʔaχaʁˈon heʔesˈik matematikaʔˈim dɡulˈim bmeʃˈeχ meʔˈot ʃanˈim ʔˈad ʃehukˈaχ.
סיבים אופטיים מעבירים נתונים דיגיטליים במהירות האור באמצעות החזרה פנימית גמורה של קרניים.	sivˈim ʔoptijˈim maʔaviʁˈim ntunˈim diɡitalijˈim bimhiʁˈut haʔˈoʁ bʔemtsaʔˈut haχazaʁˈa pnimˈit ɡmuʁˈa ʃˈel kaʁnajˈim.
החיסון החדשני מעורר את המערכת החיסונית לייצר נוגדנים ספציפיים נגד נגיף השפעת.	haχisˈun haχadʃanˈi mʔoʁˈeʁ ʔˈet hamaʔaʁeχˈet haχisunˈit ljatsˈeʁ noɡdanˈim spetsifijˈim neɡˈed nɡˈif haʃpaʔˈat.
הנגר האומן גילף עיטורים מסובכים בעץ אלון מלא בעזרת מפסלות פלדה חדות.	hanaɡˈaʁ haʔumˈan ɡilˈef ʔituʁˈim msubaχˈim baʔˈets ʔalˈon malˈe bʔezʁˈat mfsalˈot pladˈa χadˈot.
כלבי נחייה עוברים אילוף ממושך וקפדני כדי לסייע לעיוורים להתנייד בבטחה במרחב הציבורי.	kalvˈej nχijˈa ʔovʁˈim ʔilˈuf mmuʃˈaχ vekapdanˈi kdˈej lsajeˈa lʔiuʁˈim lhitnajˈed bvitχˈa bmeʁχˈav hatsibuʁˈi.
קרינת הרקע הקוסמית היא שריד עתיק מהמפץ הגדול שמהדהד ברחבי היקום.	kʁinˈat haʁekˈa hakosmˈit hˈi saʁˈid ʔatˈik mehamapˈats haɡadˈol ʃemhadhˈed bʁaχavˈej hajkˈum.
פילוסופיית הסטואה העתיקה ממליצה על שליטה רגשית וקבלת הגורל בשלוות נפש מוחלטת.	filosofjˈat hastuʔˈa heʔatikˈa mamlitsˈa ʔˈal ʃlitˈa ʁiɡʃˈit vekabalˈat haɡoʁˈal bʃalvˈat nefˈeʃ muχletˈet.
וכשהתעוררנו מהתרדמת הארוכה, גילינו שהציוויליזציה האנושית נעלמה כליל מפני כדור הארץ.	uχʃehitʔoʁaʁnˈu mehataʁdemˈet haʔaʁukˈa, ɡilinˈu ʃehatsijvilizatsjˈa haʔenoʃˈit neʔelmˈa kalˈil mipnˈej kadˈuʁ haʔaʁˈets.
האופנוען הנועז ביצע פעלול אקרובטי מסוכן מעל התהום הפעורה בוואדי המדברי.	haʔofanoʔˈan hanoʔˈaz bitseˈa paʔalˈul ʔakʁobatˈi msukˈan meʔˈal hathˈom hapʔuʁˈa bvadˈi hamidbaʁˈi.
אסטרטגיית השיווק הדיגיטלית דרשה אופטימיזציה מתמדת של קמפיינים ממומנים ברשתות החברתיות.	ʔastʁateɡjˈat haʃijvˈuk hadiɡitalˈit daʁʃˈa ʔoptimizatsjˈa matmedˈet ʃˈel kampejnˈim mmumanˈim baʁʃatˈot haχevʁatijˈot.
הצוות הרפואי בחדר המיון העניק טיפול מציל חיים לפצועי תאונת הדרכים הקשה הלילה.	hatsevˈet haʁfuʔˈi baχadˈaʁ hamijˈun heʔenˈik tipˈul matsˈil χajˈim liftsoʔˈej tʔunˈat hadʁaχˈim hakaʃˈa halajlˈa.
סוכני הביון השתמשו במיקרופונים זעירים ומוצפנים כדי להאזין לשיחות של המאפיה האיטלקית בנאפולי.	soχnˈej habijˈon hiʃtamʃˈu bmikʁofonˈim zʔiʁˈim umutspanˈim kdˈej lhaʔazˈin lasiχˈot ʃˈel hamaʔafijˈa haʔitalkˈit bnapolˈi.
הפסיכולוגיה הקוגניטיבית מתמקדת בתהליכי עיבוד מידע, זיכרון לטווח קצר וקבלת החלטות.	hapsiχoloɡjˈa hakoɡnitivˈit mitmakedˈet btahaliχˈej ʔibˈud medˈa, zikaʁˈon litvˈaχ katsˈaʁ vekabalˈat haχlatˈot.
חוקרי האבולוציה גילו מאובנים המוכיחים את הקשר הביולוגי ההדוק בין דינוזאורים לעופות מודרניים.	χokʁˈej haʔevolutsjˈa ɡilˈu mʔubanˈim hamoχiχˈim ʔˈet hakeʃˈeʁ habijoloɡˈi hehadˈuk bˈen dinozaʔuʁˈim lʔofˈot modeʁnijˈim.
שרברב מוסמך תיקן את הצנרת הפגומה שממנה דלפו מים חלודים למרתף הבניין.	ʃeʁavʁˈav musmˈaχ tikˈen ʔˈet hatsaneʁˈet hapɡumˈa ʃemimenˈa dalfˈu majˈim χaludˈim lmaʁtˈef habinjˈan.
אנזים הפרוטאז מפרק חלבונים מורכבים במערכת העיכול והופך אותם לחומצות אמינו חיוניות לגוף.	ʔanazˈim hapʁotˈaz mifeʁˈek χelbonˈim muʁkavˈim bmaʔaʁeχˈet haʔikˈul vehofˈeχ ʔotˈam lχumtsˈot ʔaminˈu χijunijˈot laɡˈuf.
הקונצנזוס המדעי גורס שפליטת גזי חממה מואצת גורמת לשינויי אקלים דרסטיים ובלתי הפיכים.	hakontsenzˈus hamadaʔˈi ɡˈuʁs ʃeplitˈat ɡazˈi χamamˈa muʔetsˈet ɡoʁemˈet lʃinujˈej ʔaklˈim dʁastijˈim uviltˈi hapiχˈim.
פסטיבל מוזיקת האינדי משך אליו אלפי בני נוער עם אוהלים, גיטרות ושקי שינה.	festivˈal muzikˈet haʔindˈi maʃˈaχ ʔelˈav ʔalfˈej bnˈej noʔˈaʁ ʔˈim ʔohalˈim, ɡitaʁˈot usakˈej ʃinˈa.
אדריכלי הנוף תכננו פארק אקולוגי חדשני עם מערכות טיהור מים ביולוגיות וצמחייה מקומית.	ʔadʁiχalˈi hanˈof taχnnˈu pˈaʁk ʔekoloɡˈi χadʃanˈi ʔˈim maʔaʁχˈot tihˈuʁ majˈim bijoloɡijˈot vetsimχijˈa mkomˈit.
הסטארטאפ המקומי פיתח אלגוריתם מתקדם לזיהוי אנומליות ודפוסים חריגים בתעבורת רשת ארגונית.	hastaʁtaʔˈap hamkomˈi piteˈaχ ʔalɡoʁˈitm mitkadˈem lzihˈuj ʔanomalijˈot udfusˈim χaʁiɡˈim btaʔavoʁˈet ʁeʃˈet ʔiʁɡunˈit.
אלגברת מטריצות מספקת כלים חישוביים חזקים לפתרון מערכות של משוואות לינאריות מרובות משתנים.	ʔalɡebʁˈat matʁitsˈot msapekˈet kelˈim χiʃuvijˈim χazakˈim lfitʁˈon maʔaʁaχˈot ʃˈel miʃvaʔˈot linaʁijˈot mʁubˈot miʃtanˈim.
המטבעות העתיקים שנמצאו בכד החרס מתקופת החשמונאים עשויים מכסף טהור ונושאים כתובות נדירות.	hamatbʔˈot haʔatikˈim ʃenimtsʔˈu bχˈad haχeʁˈes mitkufˈat haχeʃmonaʔˈim ʔasujˈim mikesˈef tahˈoʁ venosʔˈim ktuvˈot ndiʁˈot.
תיאטרון הפרינג' העלה מחזה אבסורדי שבו השחקנים החליפו תפקידים ומגדרים בסצנות אקראיות.	teʔatʁˈon hafʁˈindʒ heʔelˈa maχazˈe ʔabsuʁdˈi ʃebˈo hasaχkanˈim heχelifˈu tafkidˈim umɡadaʁˈim bistsenˈot ʔakʁaʔijˈot.
שדרני הרדיו שידרו דיווח חי מזירת האירוע שבה התרחשה תאונת השרשרת הקטלנית בבוקר.	ʃadʁanˈej haʁadjˈo ʃidʁˈu dijvuˈaχ χˈaj mzeʁˈat haʔejʁuˈa ʃebˈa hitʁaχaʃˈa tʔunˈat haʃaʁʃeʁˈet hakatlanˈit babokˈeʁ.
האוטוסטרדה החדשה קיצרה משמעותית את זמני הנסיעה מהפריפריה הצפונית אל המטרופולין הסואן במרכז.	haʔotostʁadˈa haχadaʃˈa kitsʁˈa maʃmaʔutˈit ʔˈet zmanˈej hansiʔˈa mehapaʁifeʁjˈa hatsfonˈit ʔˈel hametʁopolˈin hasoʔˈan bameʁkˈaz.
כשהאוטובוס המקרטע הגיע לתחנה המרכזית, הנוסעים המותשים מיהרו לרדת עם המזוודות הכבדות.	kʃehaʔotobˈus hamkaʁtˈe hiɡiˈa lataχanˈa hameʁkazˈit, hanosʔˈim hamutaʃˈim mihaʁˈu laʁedˈet ʔˈim hamizvadˈot hakvedˈot.
התרופה ההומיאופתית עוררה ויכוח סוער בקרב הקהילה הרפואית סביב אפקט הפלצבו בניסויים קליניים.	hatʁufˈa hahomiʔopatˈit ʔoʁʁˈa vikuˈaχ soʔˈeʁ bkeʁˈev hakhilˈa haʁfuʔˈit svˈiv ʔefˈekt haplatsebˈo bnisujˈim klinijˈim.
רבנים ופוסקי הלכה התכנסו לדון בסוגיות אתיות הקשורות לשיבוט גנטי והנדסת איברים.	ʁabanˈim ufoskˈej halaχˈa hitkansˈu ladˈun bsuɡjˈot ʔetijˈot hakʃuʁˈot lʃibˈut ɡenetˈi vehandasˈat ʔejvaʁˈim.
מפיק הטלוויזיה ליהק שחקנים אנונימיים לריאליטי הישרדות אכזרי שצולם על אי טרופי בודד.	mepˈik hatelevizjˈa lihˈek saχkanˈim ʔanonimijˈim lʁeʔalitˈi hisaʁdˈut ʔaχzaʁˈi ʃetsulˈam ʔˈal ʔˈi tʁopˈi bodˈed.
