הוא צפה בסרט וראה חיה שצפה במים	hˈu tsafˈa basˈeʁet veʁaʔˈa χajˈa ʃetsafˈa bamˈajim
הוא רצה את זה גם, אבל היא רצה מהר והקדימה אותו	hˈu ʁatsˈa ʔˈet zˈe ɡˈam, ʔavˈal hˈi ʁatsˈa mahˈeʁ vehikdˈima ʔotˈo
בא תרד לאכול, יש בורקס עם תרד	bˈa tˈeʁed leʔeχˈol, jˈeʃ bˈuʁkas ʔˈim tˈeʁed
אחרי שאתה אורז את המזוודה, תבוא לאכול אורז	ʔaχaʁˈej ʃeʔatˈa ʔoʁˈez ʔˈet hamizvadˈa, tavˈo leʔeχˈol ʔˈoʁez
האם מותר לשתות בירה בעיר הבירה ירושלים?	haʔˈim mutˈaʁ liʃtˈot biʁˈa beʔˈiʁ habiʁˈa jeʁuʃalajˈim?
החיה הזו חיה הרבה מאוד שנים.	haχajˈa hazˈo χajˈa haʁbˈe meʔˈod ʃanˈim.
גילה אמרה לי שהוא גילה לה את הסוד.	ɡilˈa ʔamʁˈa lˈi ʃehˈu ɡilˈa lˈa ʔˈet hasˈod.
הבוקר יצא לרעות את העדר מוקדם מאוד בבוקר.	habokˈeʁ jatsˈa lieʁʔˈot ʔˈet haʔˈedeʁ mukdˈam meʔˈod babˈokeʁ.
הם לנו בשטח, כי לא נשאר לנו מקום בבית.	hˈem lanˈu baʃˈetaχ, kˈi lˈo niʃʔˈaʁ lanˈu makˈom babˈajit.
הוא צעד לעבר האופק, ובכל צעד הרגיש את כובד הדרך.	hˈu tsaʔˈad leʔˈeveʁ haʔˈofek, uvχˈol tsˈaʔad hiʁɡˈiʃ ʔˈet kˈoved hadˈeʁeχ.
טלגרם זו אפליקציה ממש נוחה לשימוש.	teleɡʁˈam zˈo ʔaplˈikˈatsja mamˈaʃ nˈoχa leʃimˈuʃ.
תוכל לכתוב לי בוואצאפ?	tuχˈal liχtˈov lˈi bevutsaʔˈap?
מערך הסייבר הלאומי הוא גוף טכנולוגי בישראל.	maʔˈaʁaχ hasˈajbeʁ haleʔumˈi hˈu ɡˈuf teχnolˈoɡi bejisʁaʔˈel.
בכל כוס של קולה יש המון סוכר.	beχˈol kˈos ʃˈel kˈola jˈeʃ hamˈon sukˈaʁ.
אילון מאסק הוא האיש הכי עשיר בעולם.	ʔilˈon mˈask hˈu haʔˈiʃ haχˈi ʔaʃˈiʁ baʔolˈam.
בסטארטאפ שלנו יש דיילי כל יום שני וחמישי	bastaʁtaʔˈap ʃelˈanu jˈeʃ dejlˈi kˈol jˈom ʃenˈi vaχamiʃˈi
שלחתי לך לינק חדש לטיקט שפתחתי בגיהטאב	ʃalˈaχti leχˈa lˈink χadˈaʃ latˈikt ʃepatˈaχti beɡhtˈav
שמתי פלייליסט חדש בספוטיפיי ושיתפתי אותו באינסטגרם	sˈamti plajlˈist χadˈaʃ bispotipˈej veʃitˈafti ʔotˈo baʔinstaɡʁˈam
בוא נשים את זה בקובץ דוקס ונשתף את הצוות	bˈo nasˈim ʔˈet zˈe baekˈovets dˈoks unʃatˈef ʔˈet hatsˈevet
אנחנו רוצים לעלות לפרודקשן אחרי שנקבל עוד קצת אינפוט	ʔanˈaχnu ʁotsˈim laʔalˈot lapʁodˈekʃen ʔaχaʁˈej ʃenkabˈel ʔˈod ktsˈat ʔinpˈot
אני באמת דואג לך ותמיד כאן בשבילך אם תצטרכי עזרה.	ʔanˈi beʔemˈet doʔˈeɡ lˈeχ vetamˈid kˈan biʃvˈilχ ʔˈim titstaʁχˈi ʔezʁˈa.
אני שמח בשבילך ומקווה בשבילך שכל מה שתרצה יקרה	ʔanˈi samˈeaχ biʃvilχˈa umkavˈe biʃvilχˈa ʃekˈol mˈa ʃetiʁtsˈe jikʁˈe
אני בא אליך אחר כך ונשאר אצלך קצת אם מתאים. מה אתה אומר?	ʔanˈi bˈa ʔelˈeχa ʔaχˈaʁ kˈaχ veniʃʔˈaʁ ʔetslχˈa ktsˈat ʔˈim matʔˈim. mˈa ʔatˈa ʔomˈeʁ?
אני לומד ממך המון ומעריך ממך כל דבר קטן שאתה נותן	ʔanˈi lomˈed mimχˈa hamˈon umaʔaʁˈiχ mimχˈa kˈol davˈaʁ katˈan ʃeʔatˈa notˈen
אני שמח בשבילך ומודה לך על כל מה שאתה עושה	ʔanˈi samˈeaχ biʃvilχˈa umodˈe leχˈa ʔˈal kˈol mˈa ʃeʔatˈa ʔosˈe
אני לומד ממך המון, אתה בן אדם חכם	ʔanˈi lomˈed mimχˈa hamˈon, ʔatˈa bˈen ʔadˈam χaχˈam
אני שמח בשבילך, אחי	ʔanˈi samˈeaχ biʃvilχˈa, ʔaχˈi
אני מתכנן לבוא אלייך מחר ורציתי לדעת אם זה מתאים לך	ʔanˈi metaχnˈen lavˈo ʔelˈajiχa maχˈaʁ veʁatsˈiti ladˈaʔat ʔˈim zˈe matʔˈim leχˈa
אני עומד לצדך ורוצה לשמוע ממך שאתה לא לבד בזה	ʔanˈi ʔomˈed letsˈidχa veʁotsˈe liʃmˈoa mimχˈa ʃeʔatˈa lˈo levˈad bezˈe
אני עומד לצדך ורוצה לשמוע ממך שאת לא לבד בזה	ʔanˈi ʔomˈed letsidˈeχ veʁotsˈe liʃmˈoa mˈimχ ʃeʔˈat lˈo levˈad bazˈe
אוריה אמרה לי שהיא אוהבת לטייל בטבע.	ʔˈoʁˈija ʔamʁˈa lˈi ʃehˈi ʔohˈevet letajˈel batˈeva.
תהל אמרה שהיא מנסה לעשות יותר הפסקות במהלך היום	tahˈel ʔamʁˈa ʃehˈi menasˈa laʔasˈot jotˈeʁ hafsakˈot bemahalˈaχ hajˈom
רננה סיפרה שהיא מתכננת טיול ארוך אחרי הלימודים	ʁnanˈa sipʁˈa ʃehˈi metaχnˈenet tijˈul ʔaʁˈoχ ʔaχaʁˈej halimudˈim
אלירז אמר שהוא מנסה למצוא קצת יותר איזון בחיים	ʔeliʁˈaz ʔamˈaʁ ʃehˈu menasˈe limtsˈo ktsˈat jotˈeʁ ʔizˈun baχajˈim
ינאי כתב שהוא רוצה להתחיל משהו חדש השנה	janˈaj katˈav ʃehˈu ʁotsˈe lehatχˈil mˈaʃehu χadˈaʃ haʃanˈa
אושרה אמרה שהיא מנסה להיות יותר סבלנית עם עצמה	ʔoʃaʁˈa ʔamʁˈa ʃehˈi menasˈa lihjˈot jotˈeʁ savlanˈit ʔˈim ʔatsmˈa
שלומי סיפר שהוא התחיל לעבוד על פרויקט חדש והוא מתלהב מזה	ʃlomˈi sipˈeʁ ʃehˈu hitχˈil laʔavˈod ʔˈal pʁojˈekt χadˈaʃ vehˈu mitlahˈev mizˈe
ידידה סיפרה שהיא התחילה ללמוד בטכניון ועברה לגור בחיפה	jedidˈa sipʁˈa ʃehˈi hitχˈila lilmˈod bateχnijˈon veʔavʁˈa laɡˈuʁ beχefˈa
מישהי בעבודה אמרה שהיא שוקלת לעבור לראשון לציון בשביל להיות קרובה למשפחה	mˈiʃehi baʔavodˈa ʔamʁˈa ʃehˈi ʃokˈelet laʔavˈoʁ leʁiʃˈon letsijˈon biʃvˈil lihjˈot kʁovˈa lamiʃpaχˈa
אחד מהחברים אמר שהוא חוזר לגור בעפולה אחרי כמה שנים במרכז	ʔeχˈad mehaχaveʁˈim ʔamˈaʁ ʃehˈu χozˈeʁ laɡˈuʁ baʔafulˈa ʔaχaʁˈej kˈama ʃanˈim bameʁkˈaz
וואלה אח שלי אתה.	vulˈa ʔˈaχ ʃelˈi ʔatˈa.
יאללה מתי אתה מגיע?	jˈala matˈaj ʔatˈa maɡˈia?
יש שם אווירה ממש סחבקית, כולם מרגישים בבית	jˈeʃ ʃˈam ʔaviʁˈa mamˈaʃ saχbakˈit, kulˈam maʁɡiʃˈim babˈajit
ג'ירפה צעירה רצה לאט ליד אמא שלה ונראתה מאוד שלווה	dʒiʁfˈa tseʔiʁˈa ʁatsˈa leʔˈat lejˈad ʔimˈa ʃelˈa veniʁʔatˈa meʔˈod ʃlevˈa
הזמנתי וויסקי קטן רק בשביל הטעם	hizmˈanti viskˈi katˈan ʁˈak biʃvˈil hatˈaʔam
הבאתי צ'יפס חם ופריך, והוא נגמר תוך דקה.	hevˈeti tʃˈips χˈam ufaʁˈiχ, vehˈu niɡmˈaʁ tˈoχ dakˈa.
שרה שרה שיר שמח	saʁˈa ʃaʁˈa ʃˈiʁ samˈeaχ
שמתי ז'קט כי נהיה קצת קר.	sˈamti ʒakˈet kˈi nihjˈe ktsˈat kˈaʁ.
בבוקר הכנתי ג'חנון ואכלנו כולנו ביחד	babˈokeʁ heχˈanti dʒaχnˈun veʔaχˈalnu kulˈanu bejˈaχad
הוא קנה לעצמו ג'ויסטיק חדש למשחקים	hˈu kanˈa leʔatsmˈo dʒojstˈik χadˈaʃ lemisχakˈim
הצלחת הזו נראית ממש יפה.	hatsalˈaχat hazˈo niʁʔˈejt mamˈaʃ jafˈe.
אני יודע לנסוע באופניים.	ʔanˈi jodˈea linsˈoa baeʔˈofanajim.
איזה שמיים יפים וכחולים.	ʔˈejze ʃamajˈim jafˈim uχχulˈim.
אתה צורח וזה כואב לי באוזניים.	ʔatˈa tsoʁˈeaχ vezˈe koʔˈev lˈi baʔoznajˈim.
נכנסתי למטבח רק לקחת מים ובסוף מצאתי את עצמי מכין ארוחה שלמה	niχnˈasti lamitbˈaχ ʁˈak lakˈaχat majˈim uvasˈof matsˈati ʔˈet ʔatsmˈi meχˈin ʔaʁuχˈa ʃlemˈa
אמרתי לעצמי שאני רק אבדוק רגע את הטלפון ובסוף עבר חצי שעה	ʔamˈaʁti leʔatsmˈi ʃeʔanˈi ʁˈak ʔevdˈok ʁˈeɡa ʔˈet hatˈelefon uvasˈof ʔavˈaʁ χatsˈi ʃaʔˈa
הייתי בטוח שיש לי עוד זמן ואז גיליתי שהשעה כבר מאוחרת	hajˈiti batˈuaχ ʃejˈeʃ lˈi ʔˈod zmˈan veʔˈaz ɡilitˈi ʃehaʃaʔˈa kvˈaʁ meʔuχˈeʁet
באתי רק להגיד שלום ונשארתי הרבה יותר ממה שתכננתי	bˈati ʁˈak lehaɡˈid ʃalˈom veniʃʔˈaʁti haʁbˈe jotˈeʁ mimˈa ʃetiχnˈanti
שמתי תזכורת ולא הבנתי איך בכל זאת הצלחתי לשכוח	sˈamti tizkˈoʁet velˈo hevˈanti ʔˈejχ beχˈol zˈot hitslˈaχti liʃkˈoaχ
היה לי רגע קצר של שקט והוא נתן לי מלא כוח	hajˈa lˈi ʁˈeɡa katsˈaʁ ʃˈel ʃˈeket vehˈu natˈan lˈi malˈe kˈoaχ
עשיתי שינוי קטן בשגרה והוא נתן לי תחושה ממש טובה	ʔasˈiti ʃinˈuj katˈan baʃiɡʁˈa vehˈu natˈan lˈi tχuʃˈa mamˈaʃ tovˈa
פגשתי במקרה מישהו שלא ראיתי הרבה זמן וזה עשה לי את היום	paɡˈaʃti bemikʁˈe mˈiʃehu ʃelˈo ʁaʔˈiti haʁbˈe zmˈan vezˈe ʔasˈa lˈi ʔˈet hajˈom
ישבתי לנוח דקה על הספה ובלי לשים לב נרדמתי	jaʃˈavti lanˈuaχ dakˈa ʔˈal hasapˈa ˈuvli lasˈim lˈev niʁdamtˈi
קבעתי להגיע בזמן אבל פקקים הרסו לי את כל התוכנית	kavˈaʔti lehaɡˈia bazmˈan ʔavˈal pkakˈim haʁsˈu lˈi ʔˈet kˈol hatoχnˈit
הקשבתי לעצמי הפעם וזה עבד לי ממש טוב	hikʃˈavti leʔatsmˈi hapˈaʔam vezˈe ʔavˈad lˈi mamˈaʃ tˈov
הלכתי על משהו קטן ויצא ממנו משהו גדול וטוב	halˈaχti ʔˈal mˈaʃehu katˈan vejatsˈa mimˈenu mˈaʃehu ɡadˈol vetˈov
ניסיתי להסביר את עצמי ופשוט הסתבכתי יותר עם כל מילה	nisˈiti lehasbˈiʁ ʔˈet ʔatsmˈi ufaʃˈut histabˈaχti jotˈeʁ ʔˈim kˈol milˈa
עשיתי משהו בשביל עצמי והרגשתי שזה בדיוק מה שהייתי צריך	ʔasˈiti mˈaʃehu biʃvˈil ʔatsmˈi vehiʁɡˈaʃti ʃezˈe bedijˈuk mˈa ʃehajˈiti tsaʁˈiχ
חשבתי שזה יהיה משהו קטן ופשוט וזה יצא הרבה יותר מורכב	χaʃˈavti ʃezˈe jihjˈe mˈaʃehu katˈan ufaʃˈut vezˈe jatsˈa haʁbˈe jotˈeʁ muʁkˈav
רציתי יום שקט בבית ובסוף כל היום היה מלא התעסקויות	ʁatsˈiti jˈom ʃˈaket babˈajit uvsˈof kˈol hajˈom hajˈa malˈe hitʔaskujˈot
אמרתי שאקום מוקדם ובסוף גררתי את עצמי מהמיטה	ʔamˈaʁti ʃeʔakˈum mukdˈam uvasˈof ɡaʁˈaʁti ʔˈet ʔatsmˈi mehamitˈa
לא ציפיתי לכלום ובכל זאת היום התמלא ברגעים יפים	lˈo tsipˈiti lieχlˈum uvχˈol zˈot hajˈom hitmalˈe biʁɡaʔˈim jafˈim
הייתי בטוח שאני מבין מה קורה ואז הכל הסתבך לי	hajˈiti batˈuaχ ʃeʔanˈi mevˈin mˈa koʁˈe veʔˈaz hakˈol histabˈeχ lˈi
חשבתי שזה עוד יום רגיל ויצאה ממנו תחושה מדהימה	χaʃˈavti ʃezˈe ʔˈod jˈom ʁaɡˈil vejatsʔˈa mimˈenu tχuʃˈa madhimˈa
שמתי תזכורת ולא הבנתי איך בכל זאת הצלחתי לשכוח	sˈamti tizkˈoʁet velˈo hevˈanti ʔˈejχ beχˈol zˈot hitslˈaχti liʃkˈoaχ
ניסיתי להיות רציני ובאיזשהו שלב זה כבר הפך לבדיחה	nisˈiti lihjˈot ʁetsinˈi uvʔˈejzeʃehu ʃalˈav zˈe kvˈaʁ hafˈaχ livediχˈa
חשבתי שאני מוכן להכל ואז הגיע משהו שלא צפיתי	χaʃˈavti ʃeʔanˈi muχˈan lehakˈol veʔˈaz hiɡˈia mˈaʃehu ʃelˈo tsafˈiti
פגשתי אנשים טובים והם פשוט עשו לי את היום	paɡˈaʃti ʔanaʃˈim tovˈim vehˈem paʃˈut ʔasˈu lˈi ʔˈet hajˈom
עשיתי צעד קטן והוא הרגיש כמו התקדמות גדולה	ʔasˈiti tsˈaʔad katˈan vehˈu hiʁɡˈiʃ kmˈo hitkadmˈut ɡdolˈa
היה לי רגע קצר של שקט והוא נתן לי מלא כוח	hajˈa lˈi ʁˈeɡa katsˈaʁ ʃˈel ʃˈeket vehˈu natˈan lˈi malˈe kˈoaχ
קניתי משהו קטן ובסוף זה גרר עוד מיליון דברים מסביב	kanˈiti mˈaʃehu katˈan uvasˈof zˈe ɡaʁˈaʁ ʔˈod miljˈon dvaʁˈim misavˈiv
הבטחתי לעצמי להיות רגוע ואז מישהו לחץ לי על העצבים	hivtˈaχti leʔatsmˈi lihjˈot ʁaɡˈua veʔˈaz mˈiʃehu laχˈats lˈi ʔˈal haʔatsabˈim
חשבתי לעשות הפסקה קצרה ופתאום עבר חצי יום	χaʃˈavti laʔasˈot hafsakˈa ktsaʁˈa ufitʔˈom ʔavˈaʁ χatsˈi jˈom
ישבתי לחשוב רגע ובלי לשים לב כבר הייתי עמוק בתוך זה	jaʃˈavti laχaʃˈov ʁˈeɡa ˈuvli lasˈim lˈev kvˈaʁ hajˈiti ʔamˈok betˈoχ zˈe
אמרתי שהפעם אני באמת מתארגן בזמן ובסוף שוב מיהרתי	ʔamˈaʁti ʃehapˈaʔam ʔanˈi beʔemˈet mitʔaʁɡˈen bazmˈan uvasˈof ʃˈuv mihˈaʁti
אמרתי לעצמי להיות רגוע ופשוט נהניתי מכל רגע	ʔamˈaʁti leʔatsmˈi lihjˈot ʁaɡˈua ufaʃˈut nehenˈeti mikˈol ʁˈeɡa
לא תכננתי כלום והיום התמלא בדברים טובים מעצמם	lˈo tiχnˈanti klˈum vehajˈom hitmalˈe bidvaʁˈim tovˈim meʔatsmˈam
נכנסתי לשיחה סתם בכאילו ובסוף יצא דיבור ממש עמוק	niχnˈasti lesiχˈa stˈam biχeʔˈilu uvasˈof jatsˈa dibˈuʁ mamˈaʃ ʔamˈok
היה לי תכנון ברור ואז המציאות פשוט צחקה לי בפנים	hajˈa lˈi tiχnˈun baʁˈuʁ veʔˈaz hametsiʔˈut paʃˈut tsaχakˈa lˈi bafnˈim
ניסיתי לעשות את זה פשוט ובדרך איכשהו זה נהיה מסובך יותר	nisˈiti laʔasˈot ʔˈet zˈe paʃˈut uvadˈeʁeχ ʔejχʃehˈu zˈe nihjˈa mesubˈaχ jotˈeʁ
התעוררתי עם אנרגיות טובות והכול פשוט זרם לי היום	hitʔoʁˈaʁti ʔˈim ʔenˈeʁɡijot tovˈot vehakˈol paʃˈut zaʁˈam lˈi hajˈom
קבעתי לצאת רק קצת והיום הפך למלא חוויות טובות	kavˈaʔti latsˈet ʁˈak ktsˈat vehajˈom hafˈaχ lemalˈe χavajˈot tovˈot
נפגשנו סתם לכוס קפה ויצאה שיחה ממש נעימה	nifɡˈaʃnu stˈam leχˈos kafˈe vejatsʔˈa siχˈa mamˈaʃ neʔimˈa
הייתי בטוח שזה יהיה רגיל ויצא הרבה יותר טוב ממה שציפיתי	hajˈiti batˈuaχ ʃezˈe jihjˈe ʁaɡˈil vejatsˈa haʁbˈe jotˈeʁ tˈov mimˈa ʃetsipˈiti
יצאתי להליכה קצרה וחזרתי עם חיוך גדול על הפנים	jatsˈati lahaliχˈa ktsaʁˈa veχazˈaʁti ʔˈim χijˈuχ ɡadˈol ʔˈal hapanˈim
עשיתי משהו קטן בשביל מישהו וקיבלתי פי כמה חזרה בלב	ʔasˈiti mˈaʃehu katˈan biʃvˈil mˈiʃehu vekibˈalti pˈi kˈama χazaʁˈa balˈev
חשבתי שזה יום רגוע והוא הפך ליום ממש כיף	χaʃˈavti ʃezˈe jˈom ʁaɡˈua vehˈu hafˈaχ lejˈom mamˈaʃ kˈef
עשיתי הפסקה קטנה והיא נתנה לי בוסט מטורף להמשך	ʔasˈiti hafsakˈa ktanˈa vehˈi natnˈa lˈi bˈost metoʁˈaf lahemʃˈeχ
הלכתי בלי ציפיות ויצאתי עם תחושה ממש טובה	halˈaχti blˈi tsipijˈot vejatsˈati ʔˈim tχuʃˈa mamˈaʃ tovˈa
השקעתי קצת זמן ופתאום הכול הסתדר בצורה מושלמת	hiʃkˈaʔti ktsˈat zmˈan ufitʔˈom hakˈol histadˈeʁ betsuʁˈa muʃlˈemet
טלסקופ החלל החדש צילם גלקסיות ספירליות במרחק עצום ממערכת השמש שלנו.	telˈeskop heχalˈal heχadˈaʃ tsilˈem ɡalaksijˈot spiʁalijˈot bemeʁχˈak ʔatsˈum mimaʔaʁˈeχet haʃˈemeʃ ʃelˈanu.
השף הצרפתי הכין פונדו גבינות מבעבע עם צ'יפס פריך וקרוטונים מתובלים.	haʃˈef hatsaʁfatˈi heχˈin pˈondo ɡvinˈot mevaʔbˈe ʔˈim tʃˈips paʁˈiχ vekʁotˈonim metubalˈim.
האלגוריתם המתוחכם הצליח לפענח הצפנה קוונטית בזמן אמת ללא שגיאות מערכת.	haʔaleɡoʁˈitm hamtuχkˈam hitslˈiaχ lefaʔnˈeaχ hatspanˈa kvˈantit bizmˈan ʔemˈet lelˈo ʃɡiʔˈot maʔaʁˈeχet.
הארכיאולוגים גילו בחפירות פסיפס ביזנטי עתיק ונדיר שנשתמר בצורה יוצאת דופן.	haʔaʁχeʔolˈoɡim ɡilˈu baχafiʁˈot psefˈas bizˈanti ʔatˈik venadˈiʁ ʃeniʃtamˈeʁ betsuʁˈa jotsˈet dˈofen.
האינפלציה הדוהרת השפיעה דרמטית על שוק המניות והובילה לקריסת בנקים מקומיים.	haʔinflˈatsja hadohˈeʁet hiʃpˈiʔa dʁamˈatit ʔˈal ʃˈuk hamnajˈot vehovˈila likʁisˈat bˈankim mekomijˈim.
הסופר פרסם אנתולוגיה מרתקת של סיפורי מדע בדיוני ופנטזיה אפלה לנוער.	hasofˈeʁ piʁsˈem ʔantolˈoɡja meʁatˈeket ʃˈel sipuʁˈej madˈa bidjonˈi ufantˈazja ʔafelˈa lenˈoʔaʁ.
הדוגמנית לבשה ז'קט קטיפה בצבע בורדו עם אקססוריז נוצצים ונעלי עקב.	haduɡmanˈit lavʃˈa ʒˈakt ktifˈa betsˈeva boʁdˈo ʔˈim ʔeksˈesuʁiz notstsˈim venaʔalˈej ʔˈekev.
הפיורדים בנורווגיה מציעים נופים עוצרי נשימה של הרים תלולים ומים צלולים.	hafjˈoʁdim benoʁveɡjˈa matsiʔˈim nofˈim ʔotsʁˈej neʃimˈa ʃˈel haʁˈim tlulˈim umajˈim tslulˈim.
הקואליציה והאופוזיציה ניהלו עימות סוער בוועדת החוקה סביב הרפורמה המשפטית החדשה.	hakoʔalˈitsja vehaʔopozˈitsja nihalˈu ʔimˈut soʔˈeʁ bevaʔadˈat haχukˈa svˈiv haʁefˈoʁma hamiʃpatˈit haχadaʃˈa.
הפסיכיאטר רשם תרופה אנטיביוטית ופסיכואקטיבית לטיפול בתסמינים כרוניים של חרדה חברתית.	hapsiχiʔˈateʁ ʁaʃˈam tʁufˈa ʔantibijotˈit ufsiχoʔaktˈivit letipˈul betasminˈim χʁˈonijim ʃˈel χaʁadˈa χevʁatˈit.
גורדי השחקים במטרופולין תוכננו על ידי ארכיטקט מפורסם בסגנון פוסט מודרני.	ɡoʁdˈej haʃχakˈim bametʁopolˈin tuχnnˈu ʔˈal jedˈej ʔˈaʁχˈitˈekt mefuʁsˈam besiɡnˈon pˈost modˈeʁni.
המנוע ההיברידי של הרכב מאפשר חיסכון אנרגטי משמעותי והפחתת זיהום האוויר.	hamanˈoa hahibʁˈidi ʃˈel haʁˈeχev meʔafʃˈeʁ χisaχˈon ʔenˈeʁɡeti maʃmaʔutˈi vehafχatˈat zihˈum haʔavˈiʁ.
התערוכה במוזיאון מציגה פורטרטים אבסטרקטיים שנוצרו בטכניקות מעורבות של צבעי שמן.	hataʔaʁuχˈa bamˈuzeʔon matsˈiɡa foʁteʁtˈim ʔabstʁˈaktijim ʃenotsʁˈu betˈeχnikot meʔoʁavˈot ʃˈel tsivʔˈej ʃˈemen.
הווטרינר בדק את התוכי המדבר והמליץ על תזונה עשירה בוויטמינים ומינרלים.	havateʁinˈaʁ badˈak ʔˈet hatoχˈi hamdabˈeʁ vehimlˈits ʔˈal tzunˈa ʔaʃiʁˈa bevitamˈinim umineʁˈalim.
מטאורולוגים חזרו וצפו סופת הוריקן עוצמתית שתפגע בערי החוף בשבוע הבא.	meteʔoʁolˈoɡim χazʁˈu vetsˈafu sufˈat hoʁikˈan ʔotsmatˈit ʃetifɡˈa baeʔaʁˈej haχˈof baʃavˈua habˈa.
הבמאי זכה בפרס האוסקר על סרט דוקומנטרי העוסק במשבר האקלים העולמי.	habamˈaj zaχˈa bifʁˈas haʔoskˈaʁ ʔˈal sˈeʁet dokumentˈaʁi haʔosˈek bemaʃbˈeʁ haʔaklˈim haʔolamˈi.
השחקנים התחברו לשרת וניהלו קרב אסטרטגי וירטואלי מול מפלצות פנטסטיות אימתניות.	hasaχkanˈim hitχabʁˈu laʃaʁˈet venihalˈu kʁˈav ʔastʁateɡˈi viʁtuʔˈali mˈul miflatsˈot fantˈastijot ʔejmtanijˈot.
האקזיסטנציאליזם מתמקד במשמעות הקיום האנושי, חופש הבחירה ואחריות אישית בעולם אבסורדי.	haʔˈekzˈistentsjalizm mitmakˈed bemaʃmaʔˈut hakijˈum haʔenoʃˈi, χˈofeʃ habχiʁˈa veʔaχʁajˈut ʔiʃˈit beʔolˈam ʔabsˈuʁdi.
הפונטיקה עוסקת בחקר החיתוך, ההפקה והתפיסה של צלילי השפה המדוברת בפינו.	hapontˈika ʔosˈeket beχˈekeʁ haχitˈuχ, hahafakˈa vehatfisˈa ʃˈel tslilˈej hasafˈa hamdubˈeʁet befinˈo.
תיאוריית הדיסוננס הקוגניטיבי מסבירה את הקונפליקט הפנימי הנוצר עקב אמונות סותרות.	teʔˈoʁjat hadisonˈans hakoɡnitˈivi masbiʁˈa ʔˈet hakonflˈikt hapnimˈi hanotsˈaʁ ʔˈekev ʔemunˈot sotʁˈot.
עורך הדין הציג תקדים משפטי מורכב ששינה את החלטת חבר המושבעים.	ʔoʁˈeχ hadˈin hitsˈiɡ takdˈim miʃpatˈi muʁkˈav ʃeʃinˈa ʔˈet haχlatˈat χˈeveʁ hamuʃbaʔˈim.
תורת היחסות של איינשטיין חוללה מהפכה בהבנתנו את המרחב, הזמן והכבידה.	toʁˈat hajaχasˈut ʃˈel ʔajnʃtˈejn χollˈa mahpeχˈa bahavanatˈenu ʔˈet hameʁχˈav, hazmˈan vehakvidˈa.
תגובה אקסותרמית מתרחשת כאשר חומרים כימיים מתרכבים ומשחררים אנרגיית חום לסביבה.	tɡuvˈa ʔaksoteʁˈamit mitʁaχˈeʃet kaʔaʃˈeʁ χomaʁˈim kimijˈim mitʁakvˈim umʃaχʁʁˈim ʔenˈeʁɡijat χˈom lasvivˈa.
הפדגוגיה המודרנית דוגלת בלמידה חווייתית המותאמת אישית לצרכים הקוגניטיביים של התלמיד.	hapedaɡˈoɡja hamodˈeʁnit doɡˈelet bilmidˈa χavajatˈit hamutʔˈemet ʔiʃˈit latsʁaχˈim hakoɡnitˈivijim ʃˈel hatalmˈid.
הקברניט הודיע לנוסעים על מערבולות אוויר פתאומיות וביקש לחגור חגורות בטיחות.	hakabaʁnˈit hodˈia lanoseʔˈim ʔˈal meʔaʁbˈulot ʔavˈiʁ pitʔomijˈot uvikˈeʃ laχɡˈoʁ χaɡoʁˈot betiχˈut.
הפוטוסינתזה היא תהליך קריטי בו צמחים מייצרים פחמימות בעזרת אנרגיית השמש.	hapotosintezˈa hˈi tahalˈiχ kʁˈiti bˈo tsmaχˈim mejatsʁˈim paχamimˈot beʔezʁˈat ʔenˈeʁɡijat haʃˈemeʃ.
הגיאומטריה האנליטית משלבת אלגברה מופשטת כדי לפתור משוואות של עקומות ופונקציות.	haɡeʔomˈetʁˈija haʔanalˈitit meʃalˈevet ʔalɡebʁˈa mufʃˈetet kedˈej liftˈoʁ miʃvaʔˈot ʃˈel ʔakumˈot ufunktsˈijot.
הצוללת הרובוטית חקרה את שונית האלמוגים וגילתה מינים אקזוטיים של רכיכות.	hatsolˈelet haʁobotˈit χakʁˈa ʔˈet ʃonˈit haʔalmoɡˈim veɡiltˈa minˈim ʔˈekzˈotijim ʃˈel ʁeχiχˈot.
השחקנית הראשית ביצעה מונולוג דרמטי ומרגש שסחט מחיאות כפיים סוערות מהקהל.	hasaχkanˈit haʁaʃˈit bitsʔˈa monolˈoɡ dʁˈamˈati umʁaɡˈeʃ ʃesaχˈat meχiʔˈot kapajˈim soʔaʁˈot mehakahˈal.
מיחזור פסולת אלקטרונית מסייע בהפחתת פליטת גזי חממה ושמירה על הביוספרה.	miχzˈuʁ psˈolet ʔelektʁˈonit mesajˈea behafχatˈat plitˈat ɡazˈej χamamˈa uʃmiʁˈa ʔˈal habijospeʁˈa.
תהליך הסוציאליזציה משפיע על הדרך בה אינדיבידואלים רוכשים נורמות וערכים תרבותיים.	tahalˈiχ hasotsjalizatsjˈa maʃpˈia ʔˈal hadˈeʁeχ bˈa ʔindividuʔˈalim ʁoχʃˈim nˈoʁmot vaʔaʁaχˈim taʁbutijˈim.
הטקסטים האפוקליפטיים בתיאולוגיה העתיקה מתארים חזונות מיסטיים על קץ הימים והגאולה.	hatekstˈim haʔapokalˈiptijim bateʔolˈoɡja haʔatikˈa metaʔaʁˈim χazonˈot mˈistijim ʔˈal kˈets hajamˈim vehaɡeʔulˈa.
דיאטנים ממליצים על צריכת קטניות, דגנים מלאים ופרוביוטיקה לשמירה על המיקרוביום.	diʔˈetanim mamlitsˈim ʔˈal tsʁiχˈat kitnijˈot, deɡanˈim meleʔˈim ufʁobijotikˈa liʃmiʁˈa ʔˈal hamˈikʁovjum.
האומן יצר כלי קרמיקה דקורטיביים בעזרת אבנים, חימר טבעי וגלזורה צבעונית.	haʔumˈan jatsˈaʁ klˈej kaʁˈamika dekoʁatˈivijim beʔezʁˈat ʔavanˈim, χemˈaʁ tivʔˈi veɡˈelzuʁa tsivʔonˈit.
האסטרונאוטים בתחנת החלל הבינלאומית מבצעים ניסויים בתנאי חוסר כבידה שמשפיעים על הפיזיולוגיה.	haʔastʁˈonaʔotim betˈaχanat heχalˈal habenleʔumˈit mevatsʔˈim nisujˈim bitnaʔˈej χˈoseʁ kvidˈa ʃemaʃpiʔˈim ʔˈal hafizjolˈoɡja.
החוקרים תיעדו שבטים ילידיים החיים בבידוד מוחלט ביערות האמזונס.	haχokʁˈim tiʔadˈu ʃvatˈim jelidijˈim haχajˈim bevidˈud muχlˈat bejaʔaʁˈot haʔamzˈons.
חוקרי הגנטיקה פענחו את הרצף המורכב כדי לאתר מוטציות תורשתיות נדירות.	χokʁˈej haɡenˈetika piʔnχˈu ʔˈet haʁˈetsef hamuʁkˈav kedˈej leʔatˈeʁ motˈatsjot toʁˈaʃtijot nediʁˈot.
המיזם הטכנולוגי גייס הון סיכון אדיר לפיתוח פלטפורמה אינטראקטיבית מבוססת אלגוריתמים.	hamezˈam hateχnolˈoɡi ɡijˈes hˈon sikˈun ʔadˈiʁ lefitˈuaχ platfˈoʁma ʔinteʁʔaktˈivit mevusˈeset ʔalɡoʁitmˈim.
המהנדסים תכננו גשר תלוי עם כבלי פלדה שיעמוד ברעידות אדמה חזקות.	hamhandsˈim tiχnnˈu ɡˈeʃeʁ talˈuj ʔˈim kavlˈej pladˈa ʃejaʔamˈod biʁeʔidˈot ʔadamˈa χazakˈot.
התיירים סיירו בטירה הסקוטית ושמעו אגדות אורבניות על רוחות רפאים עתיקות.	hatajaʁˈim sijʁˈu batiʁˈa haskˈotit veʃamʔˈu ʔaɡadˈot ʔuʁbanijˈot ʔˈal ʁuχˈot ʁefaʔˈim ʔatikˈot.
הכוריאוגרף שילב אלמנטים של בלט קלאסי, היפ-הופ וריקוד מודרני במופע.	hakoʁeʔoɡʁˈaf ʃilˈev ʔelementˈim ʃˈel balˈet klasˈi, hˈip hˈop veʁikˈud modˈeʁni bamofˈa.
איסוף בולים דורש סבלנות, פינצטה עדינה וזכוכית מגדלת לבחינת הפרטים.	ʔisˈuf bˈulim doʁˈeʃ savlanˈut, fintstˈa ʔadinˈa uzeχuχˈit meɡadˈelet livχinˈat hapʁatˈim.
מטבעות קריפטוגרפיים מבוזרים מאובטחים באמצעות בלוקצ'יין וחוזים חכמים נגד מתקפות סייבר.	matbʔˈot kʁiptoɡʁafijˈim mevuzaʁˈim meʔuvtaχˈim beʔemtsaʔˈut blˈuktʃijn veχozˈim χaχamˈim nˈeɡed mitkfˈot sajbˈeʁ.
דיונונים ענקיים משתמשים בהסוואה אופטית ובזרועות שריריות כדי לצוד במעמקי האוקיינוס.	djˈononim ʔanakijˈim miʃtamʃˈim behasvaʔˈa ʔˈoptit uvizʁoʔˈot ʃʁiʁijˈot kedˈej latsˈud bemaʔamakˈej haʔˈokjanos.
האפידמיולוגים עקבו אחר התפשטות הנגיף המוטנטי באמצעות בדיקות סרולוגיות וריצוף גנטי.	haʔepidˈemjˈolˈoɡim ʔakvˈu ʔaχˈaʁ hitpaʃtˈut hanɡˈif hamotˈenti beʔemtsaʔˈut bdikˈot seʁoloɡijˈot veʁitsˈuf ɡenˈeti.
מסוקי האפאצ'י המתקדמים ביצעו תמרונים אווירובטיים מסובכים מעל בסיס חיל האוויר בדרום.	mesokˈej haʔapatʃˈi hamitkadmˈim bitsʔˈu timʁunˈim ʔaviʁobˈatijim mesubaχˈim meʔˈal bsˈis χˈel haʔavˈiʁ badaʁˈom.
אימפריית האינקה ניהלה רשת דרכים מסועפת בהרי האנדים למרות היעדר גלגלים.	ʔimpˈeʁjat haʔinkˈa nihalˈa ʁˈeʃet dʁaχˈim mesoʔˈefet behaʁˈej haʔandˈim lamʁˈot heʔadˈeʁ ɡalɡalˈim.
תיבת ההילוכים האוטומטית הרציפה משפרת את ההאצה ומקטינה את צריכת הדלק.	tevˈat hahiluχˈim haʔotomˈatit haʁtsifˈa meʃapˈeʁet ʔˈet haheʔatsˈa umaktinˈa ʔˈet tsʁiχˈat hadˈelek.
הלטאה מסוגלת להניע כל עין בנפרד ולשגר לשון דביקה במהירות.	halitaʔˈa mesuɡˈelet lehanˈia kˈol ʔˈajin benifʁˈad ulʃaɡˈeʁ laʃˈon dvikˈa bimehiʁˈut.
חלקיקים חסרי מסה כמעט חולפים דרך כדור הארץ ללא שום אינטראקציה.	χelkikˈim χasʁˈej masˈa kimʔˈat χolfˈim dˈeʁeχ kadˈuʁ haʔaʁˈets lelˈo ʃˈum ʔinteʁʔˈaktsˈija.
סרטי אנימציה ממוחשבים דורשים חוות שרתים עצומות לרינדור גרפי של טקסטורות מורכבות.	siʁtˈej ʔanimˈatsja memuχʃavˈim doʁʃˈim χavˈat ʃaʁatˈim ʔatsumˈot leʁindˈuʁ ɡʁafˈi ʃˈel tˈekstˈuʁot muʁkavˈot.
צמחים טורפים נסגרים ברגע שחרק נוגע בשערות החישה הזעירות.	tsmaχˈim toʁfˈim nisɡaʁˈim baʁˈeɡa ʃeχeʁˈak noɡˈea bisʔaʁˈot haχiʃˈa hazeʔiʁˈot.
קניונים גיאולוגיים עמוקים נוצרים לאורך מיליוני שנים עקב שחיקה של זרמי נהרות.	kanjonˈim ɡeʔolˈoɡijim ʔamukˈim notsaʁˈim leʔoʁˈeχ miljˈonej ʃanˈim ʔˈekev ʃχikˈa ʃˈel ziʁmˈej nehaʁˈot.
כרומטוגרפיה נוזלית יעילה משמשת להפרדת תרכובות אורגניות בתעשיית התרופות והקוסמטיקה המודרנית.	kʁˈomˈatoɡʁˈafja nozlˈit jeʔilˈa meʃamˈeʃet lehafʁadˈat taʁkovˈot ʔoʁɡˈanijot betaʔasijˈat hatʁufˈot vehakosmetˈika hamodˈeʁnit.
הדרקון המיתולוגי ירק אש קטלנית ומרחף מעל טירת האבירים העתיקה באירופה.	hadʁakˈon hamitolˈoɡi jaʁˈak ʔˈeʃ katlanˈit umʁaχˈef meʔˈal tiʁˈat haʔabiʁˈim haʔatikˈa beʔejʁopˈa.
ממשק המשתמש האינטראקטיבי באפליקציה תוכנן בקפידה כדי להעניק חווית ניווט אינטואיטיבית וחלקה.	mimʃˈak hamiʃtamˈeʃ haʔinteʁʔaktˈivi baʔaplˈikˈatsja tuχnˈan bikfidˈa kedˈej lehaʔanˈik χavajˈat nijvˈut ʔintuʔitivˈit vaχalakˈa.
השחקנים החסונים התנגשו בעוצמה במהלך משחק הגמר הדרמטי באצטדיון הלאומי הומה האדם.	hasaχkanˈim haχasunˈim hitnaɡʃˈu beʔotsmˈa bemahalˈaχ misχˈak haɡmˈaʁ hadʁamˈati baʔitstadjˈon haleʔumˈi homˈe haʔadˈam.
פיסול ברונזה קלאסי דורש יציקת מתכת מותכת לתבניות שעווה נמסות בטמפרטורות גבוהות.	pisˈul bʁˈonˈza klasˈi doʁˈeʃ jetsikˈat matˈeχet mutˈeχet letavnijˈot ʃaʔavˈa nimesˈot betempeʁatˈuʁot ɡvohˈot.
הקרטל הבינלאומי של יצרניות הנפט מניפולטיבי ומשפיע משמעותית על תנודות המחירים בשוק.	hakaʁtˈel habenleʔumˈi ʃˈel jatsʁanijˈot hanˈeft manipulatˈivi umaʃpˈia maʃmaʔutˈit ʔˈal tnudˈot hamχiʁˈim baʃˈuk.
כלבי תחש גזעיים נוטים לסבול מבעיות אורתופדיות בעמוד השדרה עקב מבנה גופם הארוך.	kalvˈej tˈaχaʃ ɡizʔijˈim notˈim lisbˈol mibeʔajˈot ʔoʁtopedijˈot beʔamˈud haʃidʁˈa ʔˈekev mivnˈe ɡufˈam haʔaʁˈoχ.
טיפול קוגניטיבי התנהגותי מסייע למטופלים לזהות ולשנות דפוסי חשיבה דפרסיביים וחרדתיים.	tipˈul koɡnitˈivi hitnahaɡutˈi mesajˈea lamtupalˈim lezahˈot ulʃanˈot dfusˈej χaʃivˈa dapeʁasˈivijim vaχaʁdatijˈim.
הקונגרס האמריקאי אישר תקציב פדרלי אסטרונומי לשיקום תשתיות ופיתוח פרויקטים סביבתיים ירוקים.	hakonɡʁˈes haʔameʁikaʔˈi ʔiʃˈeʁ taktsˈiv fedeʁˈali ʔastʁonˈomi leʃikˈum taʃtijˈot ufitˈuaχ pʁojˈektim svivatijˈim jeʁukˈim.
מעצבת האופנה שילבה בדים סינתטיים ממוחזרים בקולקציית האביב שהוצגה בפריז.	meʔatsˈevet haʔofnˈa ʃilvˈa badˈim sintˈetijim memuχzaʁˈim bekolektsijˈat haʔavˈiv ʃehutsɡˈa befaʁˈiz.
סופות רעמים טרופיות מלוות בברקים מסנוורים, מטחי ברד כבדים ומשבי רוח עזים במיוחד.	sufˈot ʁeʔamˈim tʁofijˈot meluvˈot bivʁakˈim mesanvʁˈim, matχˈej baʁˈad kvedˈim umaʃbˈej ʁˈuaχ ʔazˈim bimjuχˈad.
אמן האשליות ביצע טריק טלפתיה מדהים שהשאיר את הקהל הסקפטי המום לחלוטין.	ʔomˈan haʔaʃlajˈot bitsˈea teʁˈik talˈepetja madhˈim ʃehiʃʔˈiʁ ʔˈet hakahˈal haskˈpti hamˈum laχalutˈin.
הטרנזיסטורים הזעירים במעבד המחשב פועלים כמתגים אלקטרוניים זעירים המעבדים מידע בינארי.	hatʁanzˈistoʁim hazʔiʁˈim bimʔabˈed hamaχʃˈev poʔalˈim kmataɡˈim ʔelektʁˈonijim zeʔiʁˈim hameʔabdˈim medˈa binaʁˈi.
דבורי הדבש האפריקאיות אגרסיביות יותר בהגנה על הכוורת מאשר זנים אירופאים מתורבתים.	dvoʁˈej hadvˈaʃ haʔafʁikaʔijˈot ʔaɡʁesˈivijot jotˈeʁ bahaɡanˈa ʔˈal hakaveʁˈet meʔaʃˈeʁ zanˈim ʔejʁopeʔˈim metuʁbatˈim.
קליית פולי הקפה האתיופיים מדגישה טעמים פירותיים ופרופיל ארומטי בעל חמיצות מעודנת.	klijˈat pˈolej hakafˈe haʔˈetjopijim madɡiʃˈa teʔamˈim peʁotijˈim ufʁofˈil ʔaʁˈomˈati bˈaʔal χamitsˈut meʔudˈenet.
פמיניזם רדיקלי קורא לשינוי יסודי במבנים של החברה והתרבות המערבית המודרנית.	feminˈizm ʁadikˈali koʁˈe leʃinˈuj jesodˈi bamivnˈim ʃˈel haχevʁˈa vehataʁbˈut hamaʔaʁavˈit hamodˈeʁnit.
הטורבינות הענקיות בסכר ממירות את האנרגיה הקינטית של המים לחשמל זמין.	hatuʁbinˈot haʔanakijˈot basˈeχeʁ memiʁˈot ʔˈet haʔenˈeʁɡija hakinˈetit ʃˈel hamˈajim leχaʃmˈal zamˈin.
פלאש המצלמה מאפשר הקפאת תנועה של אובייקטים מהירים בחושך כמעט מוחלט.	plˈaʃ hamatslemˈa meʔafʃˈeʁ hakpaʔˈat tnuʔˈa ʃˈel ʔobjektˈim mehiʁˈim baχˈoʃeχ kimʔˈat muχlˈat.
הוא כתב סאטירה פוליטית נושכת המבקרת את הביורוקרטיה הממשלתית דרך מצבים אבסורדיים.	hˈu katˈav satiʁˈa polˈitit noʃˈeχet hamvakˈeʁet ʔˈet habijuʁokʁˈatja hamemʃaltˈit dˈeʁeχ matsavˈim ʔabsˈuʁdijim.
בלשי המשטרה השתמשו בזיהוי פלילי וטביעות אצבע כדי ללכוד את השודד הסדרתי.	balaʃˈej hamiʃtaʁˈa hiʃtamʃˈu bezihˈuj plilˈi utviʔˈot ʔetsbˈa kedˈej lilkˈod ʔˈet haʃodˈed hasidʁatˈi.
פרקטלים גיאומטריים מציגים דמיון עצמי בכל קנה מידה ונמצאים רבות בטבע סביבנו.	pʁˈektˈalim ɡeʔomˈetʁijim matsiɡˈim dimjˈon ʔatsmˈi beχˈol knˈe midˈa venimtsaʔˈim ʁabˈot batˈeva svivˈenu.
אנטיאוקסידנטים הנמצאים בפירות יער מנטרלים רדיקלים חופשיים ומאטים את תהליך ההזדקנות התאית.	ʔˈantiʔoksˈidˈentim hanimtsaʔˈim befeʁˈot jˈaʔaʁ menatʁlˈim ʁadikˈalim χofʃijˈim umʔatˈim ʔˈet tahalˈiχ hahizdaknˈut hataʔˈit.
נזירים בודהיסטים יושבים שעות ארוכות במקדשים מבודדים בהרי ההימלאיה כדי להגיע להארה.	neziʁˈim budhistˈim joʃvˈim ʃaʔˈot ʔaʁukˈot bemikdaʃˈim mevudadˈim behaʁˈej hahimlajˈa kedˈej lehaɡˈia leheʔaʁˈa.
הטרקטורון הכבד פינה פסולת בניין גושית מאתר החפירות הארכיאולוגי כדי למנוע נזק.	hatʁˈaktoʁon hakavˈed pinˈa psˈolet binjˈan ɡuʃˈit meʔatˈaʁ haχafiʁˈot haʔaʁχeʔolˈoɡi kedˈej limnˈoa nˈezek.
רופא השיניים התקין שתלי טיטניום והמליץ על שטיפות פלואוריד למניעת עששת חמורה.	ʁofˈe haʃinajˈim hitkˈin ʃtlˈej titanjˈum vehimlˈits ʔˈal ʃtifˈot ploʔoʁˈid limeniʔˈat ʔaʃˈeʃet χamuʁˈa.
רכבות קליע מגנטיות מרחפות מעל המסילה ומגיעות למהירויות פסיכיות ללא חיכוך מכני.	ʁakavˈot kalˈia maɡnˈetijot meʁaχefˈot meʔˈal hamsilˈa umaɡiʔˈot limhiʁujˈot psiχijˈot lelˈo χikˈuχ meχˈani.
קוביות הלגו הפלסטיות מאפשרות הרכבת מודלים תלת מימדיים מורכבים במגוון צבעים זרחניים.	kubijˈot haleɡˈo haplˈastijot meʔafʃʁˈot haʁkavˈat mˈodelim telˈat mimadijˈim muʁkavˈim bemiɡvˈan tsvaʔˈim zaʁχanijˈim.
מערכת הניווט הלוויינית חישבה מסלול אלטרנטיבי עקב פקק תנועה אינסופי בכביש המהיר.	maʔaʁˈeχet hanijvˈut halavjanˈit χiʃvˈa maslˈul ʔalteʁnatˈivi ʔˈekev pkˈek tnuʔˈa ʔejnsofˈi bakvˈiʃ hamahˈiʁ.
שלד הדינוזאור שהתגלה במדבר שייך לטורף דו רגלי מתקופת הקרטיקון.	ʃelˈed hadinozˈaʔoʁ ʃehitɡalˈa bamidbˈaʁ ʃajˈaχ letˈoʁef dˈu ʁaɡlˈi mitkufˈat hakaʁtˈikˈon.
חובבי אוריגמי מקפלים ניירות מרובעים ליצירת דמויות זעירות ומורכבות ללא שימוש במספריים.	χovvˈej ʔoʁiɡˈemi mekaplˈim nejaʁˈot meʁubaʔˈim litsiʁˈat dmujˈot zeʔiʁˈot umuʁkavˈot lelˈo ʃimˈuʃ bemispaʁˈajim.
פיתוח מודלים מבוססי טקסט מצריך חומרה גרפית עוצמתית עם זיכרון רחב.	pitˈuaχ mˈodelim mevussˈej tˈekst matsʁˈiχ χumʁˈa ɡeʁafˈit ʔotsmatˈit ʔˈim zikaʁˈon ʁaχˈav.
מערכות זיהוי דיבור מתקשות לעיתים בפענוח חיתוך הפקה של עיצורים סדקיים וגרוניים.	maʔaʁχˈot zihˈuj dibˈuʁ mitkaʃˈot leʔitˈim befiʔnˈuaχ χitˈuχ hafakˈa ʃˈel ʔitsuʁˈim sdkijˈim uɡʁonijˈim.
חללית המחקר שוגרה בהצלחה כדי לאסוף דגימות קרקע מאסטרואיד קרוב לכדור הארץ.	χalalˈit hameχkˈaʁ ʃuɡʁˈa behatslaχˈa kedˈej leʔesˈof dɡimˈot kaʁkˈa meʔasteʁˈoʔid kaʁˈov leχadˈuʁ haʔˈaʁets.
הרנסנס האיטלקי התאפיין בפריחה חסרת תקדים של אמנות פלסטית, אדריכלות והגות הומניסטית.	haʁenesˈens haʔitalkˈi hitʔafjˈen bifʁiχˈa χasʁˈat takdˈim ʃˈel ʔomanˈut plˈastit, ʔadʁˈiχalut vehaɡˈut humanistˈit.
הרופא המומחה רשם אנטיביוטיקה רחבת טווח לטיפול בזיהום החיידקי החריף במערכת הנשימה.	haʁofˈe hamumχˈe ʁaʃˈam ʔˈantibijotika ʁaχavˈat tevˈaχ letipˈul bazihˈum haχajdakˈi heχaʁˈif bemaʔaʁˈeχet hanʃimˈa.
שף המסעדה מכין ריזוטו פטריות כמהין מוקרם עם פרמז'ן, יין לבן ועירית.	ʃˈaf hamisʔadˈa meχˈin ʁizotˈo pitʁijˈot kimhˈin mukʁˈam ʔˈim fʁemʒˈan, jˈajin lavˈan veʔiʁˈit.
גולשי הגלים המקצוענים התמודדו עם כל ענק וזרמים חזקים בחוף המפורסם בהוואי.	ɡolʃˈej haɡalˈim hamiktsoʔanˈim hitmodedˈu ʔˈim kˈol ʔanˈak uzʁamˈim χazakˈim baχˈof hamfuʁsˈam behavˈuj.
מפתחי התוכנה בנו תשתית אסינכרונית מהירה ויעילה לעיבוד מקבילי של נתוני משתמשים.	mefatχˈej hatoχnˈa banˈu taʃtˈit ʔasinχʁonˈit mehiʁˈa viʔˈila leʔibˈud makbilˈi ʃˈel netunˈej miʃtamʃˈim.
מדבר בצ'ילה נחשב לאזור היבש ביותר בעולם ומספק תנאים אידיאליים לתצפיות.	midbˈaʁ betʃilˈa nˈeχeʃav laʔezˈoʁ hajavˈeʃ bejotˈeʁ baʔolˈam umsapˈek tnaʔˈim ʔideʔˈalijim letatspijˈot.
הדיפלומטים חתמו על אמנה בינלאומית מקיפה לצמצום מאגר הנשק הגרעיני והביולוגי בעולם.	hadiplomˈatim χatmˈu ʔˈal ʔamanˈa benleʔumˈit makifˈa letsimtsˈum maʔaɡˈaʁ hanˈeʃek haɡaʁʔinˈi vehabijolˈoɡi baʔolˈam.
פלמינגו מצוי מקבל את צבעו הוורוד והבולט מתזונה עשירה בסרטנים זעירים ואצות.	plminɡˈo matsˈuj mekabˈel ʔˈet tsivʔˈo havaʁˈod vehabolˈet mitzunˈa ʔaʃiʁˈa besaʁtanˈim zeʔiʁˈim veʔatsˈot.
אדריכלות מאופיינת בקשתות מחודדות, תמיכות דואות וחלונות ויטראז' צבעוניים וענקיים.	ʔadʁˈiχalut meʔufjˈenet bkˈʃatot meχudadˈot, tmiχˈot doʔˈot vaχalonˈot vitʁˈaʒ tsivʔonijˈim vaʔanakijˈim.
עצי הסקויה הענקיים בקליפורניה יכולים לחיות אלפי שנים ולהגיע לגבהים בלתי נתפסים.	ʔatsˈej haskˈoja haʔanakijˈim bekalifoʁnijˈa jeχolˈim liχjˈot ʔalfˈej ʃanˈim ulehaɡˈia liɡvahˈim biltˈi nitpasˈim.
חומצה גופרתית היא נוזל קורוזיבי וחריף המשמש בתהליכים תעשייתיים רבים וייצור דשנים.	χumtsˈa ɡofaʁatˈit hˈi nˈozel koʁˈozivi veχaʁˈif hamʃamˈeʃ betahaliχˈim taʔasijatijˈim ʁabˈim vejitsˈuʁ dʃanˈim.
תיאוריית הפסיכואנליזה מתמקדת בהשפעת התת־מודע וחוויות הילדות המוקדמות על התנהגות האדם הבוגר.	teʔˈoʁjat hapsiχoʔanalˈiza mitmakˈedet behaʃpaʔˈat hatitmodˈea vaχavajˈot hajaldˈut hamukdamˈot ʔˈal hitnahaɡˈut haʔadˈam haboɡˈeʁ.
שופט בית המשפט העליון פרסם פסק דין תקדימי בנושא זכויות יוצרים דיגיטליות.	ʃofˈet bˈet hamiʃpˈat haʔeljˈon piʁsˈem psˈak dˈin takdimˈi benosˈe zeχujˈot jotsʁˈim diɡitˈalijot.
הבנק המרכזי העלה את הריבית במשק בניסיון לבלום את האינפלציה הגואה לאחרונה.	habˈank hameʁkazˈi heʔelˈa ʔˈet haʁibˈit bamˈeʃek benisajˈon livlˈom ʔˈet haʔinflˈatsja haɡoʔˈa laʔaχaʁonˈa.
רשת הרכבות התחתיות בלונדון היא אחת ממערכות התחבורה הציבורית הוותיקות והעמוסות בעולם.	ʁˈeʃet haʁakavˈot hataχtijˈot belondˈon hˈi ʔaχˈat mimaʔaʁχˈot hataχbuʁˈa hatsibuʁˈit havatikˈot vehaʔamusˈot baʔolˈam.
טרקטורים חקלאיים אוטונומיים מצוידים בחיישני ג'י־פי־אס מתקדמים לניווט מדויק בשדות הכותנה הרחבים.	tʁˈaktoʁim χaklaʔijˈim ʔotonˈomijim metsujadˈim beχajʃanˈej dʒifjˈas mitkadmˈim lenijvˈut medujˈak bisdˈot hakutnˈa haʁχavˈim.
הרומן הדיסטופי מתאר חברה טוטליטרית שבה השלטון מפקח על כל צעד אזרחי.	haʁˈoman hadistˈofi metaʔˈeʁ χevʁˈa totalitˈaʁit ʃebˈa haʃiltˈon mefakˈeaχ ʔˈal kˈol tsˈaʔad ʔezʁaχˈi.
מאיץ החלקיקים מאפשר לפיזיקאים לחקור את אבני הבניין היסודיות ביותר של החומר.	meʔˈits haχelkikˈim meʔafʃˈeʁ lafizikˈaʔim laχakˈoʁ ʔˈet ʔavnˈej habinjˈan hajsodijˈot bejotˈeʁ ʃˈel haχˈomeʁ.
מעצבי אופנה מובילים הציגו קולקציית חורף אלגנטית הכוללת מעילי צמר וצעיפי משי.	meʔatsvˈej ʔofnˈa movilˈim hitsˈiɡu kolektsijˈat χˈoʁef ʔeleɡˈantit hakolˈelet meʔilˈej tsˈemeʁ utseʔifˈej mˈeʃi.
פסקול הסרט ההוליוודי הוקלט על ידי תזמורת פילהרמונית וזכה בפרסים בינלאומיים יוקרתיים.	paskˈol hasˈeʁet haholiudˈi huklˈat ʔˈal jedˈej tizmˈoʁet filhaʁmˈonit vezaχˈa bifʁasˈim benleʔumijˈim jukʁatijˈim.
הגירה המונית מהכפר לעיר משנה את המרקם החברתי ויוצרת אתגרים אורבניים מורכבים.	haɡiʁˈa hamonˈit mehakfˈaʁ laʔˈiʁ meʃanˈa ʔˈet hamiʁkˈam haχevʁatˈi vejotsˈeʁet ʔetɡaʁˈim ʔuʁbˈanijim muʁkavˈim.
מערכת העצבים המרכזית כוללת את המוח וחוט השדרה ומעבדת אותות חושיים מהגוף.	maʔaʁˈeχet haʔatsabˈim hameʁkazˈit kolˈelet ʔˈet hamˈoaχ veχˈut haʃidʁˈa umʔabˈedet ʔotˈot χuʃijˈim mehaɡˈuf.
מהנדסי אלקטרוניקה מפתחים מעגלים מודפסים זעירים עבור סמארטפונים, מחשבים ניידים ומכשור רפואי.	mehandsˈej ʔelˈektʁˈonika mefatχˈim maʔɡalˈim mudpasˈim zeʔiʁˈim ʔavˈuʁ semaʁtfonˈim, maχʃvˈim najadˈim umiχʃˈoʁ ʁefuʔˈi.
טקטוניקת הלוחות מסבירה את נדידת היבשות, היווצרות רכסי הרים והתרחשות רעידות אדמה.	tˈaktonikat halˈuχot masbiʁˈa ʔˈet nedidˈat hajabaʃˈot, hijvatsʁˈut ʁiχsˈej haʁˈim vehitʁaχaʃˈut ʁeʔidˈot ʔadamˈa.
שחקני קונסולות תחרותיים מתאמנים שעות רבות ביום כדי לשפר את זמן התגובה.	saχkanˈej konsˈulot taχaʁutijˈim mitʔamnˈim ʃaʔˈot ʁabˈot bejˈom kedˈej leʃapˈeʁ ʔˈet zmˈan hatɡuvˈa.
פאנלים סולאריים על גגות הבתים מנצלים את קרינת השמש לייצור חשמל נקי.	panelˈim solaʁijˈim ʔˈal ɡaɡˈot habatˈim menatslˈim ʔˈet kʁinˈat haʃˈemeʃ lejitsˈuʁ χaʃmˈal nakˈi.
חפירות ארכיאולוגיות בעיר דוד חשפו ממצאים נדירים מתקופת בית המקדש הראשון.	χafiʁˈot ʔaʁχeʔolˈoɡijot baʔˈiʁ davˈid χasfˈu mimtsaʔˈim nediʁˈim mitkufˈat bˈet hamikdˈaʃ haʁiʃˈon.
כריתת יערות הגשם באמזונס מאיימת על המגוון הביולוגי ותורמת משמעותית להתחממות הגלובלית.	kʁitˈat jaʔaʁˈot haɡˈeʃem beʔamzˈons meʔajˈemet ʔˈal hamiɡvˈan habijolˈoɡi vetoʁˈemet maʃmaʔutˈit lahitχammˈut haɡlobˈalit.
עדשות מאקרו מאפשרות לצלמים ללכוד פרטים זעירים של חרקים, פרחים וטקסטורות עדינות.	ʔadʃˈot makʁˈo meʔafʃʁˈot latsalamˈim lilkˈod pʁatˈim zeʔiʁˈim ʃˈel χaʁakˈim, pʁaχˈim vetekstˈuʁot ʔadinˈot.
תרגום סימולטני בכנסים בינלאומיים דורש ריכוז עילאי, שליטה בשפות והיכרות עם מונחים.	taʁɡˈum simultˈani biχnasˈim benleʔumijˈim doʁˈeʃ ʁikˈuz ʔilaʔˈi, ʃlitˈa baesafˈot vehekeʁˈut ʔˈim munaχˈim.
אורתודנטים משתמשים בגשרים שקופים ממתכת כדי ליישר שיניים ולתקן ליקויי סגר.	ʔoʁtodˈentim miʃtamʃˈim biɡʃaʁˈim ʃkufˈim mimatˈeχet kedˈej lejaʃˈeʁ ʃinajˈim uletakˈen likujˈej sˈeɡeʁ.
מטוס הנוסעים החדיש מצויד במנועי סילון שקטים וחסכוניים המפחיתים את זיהום האוויר.	metˈos hanosʔˈim haχadˈiʃ metsujˈad bimnoʔˈej silˈun ʃketˈim veχesχonijˈim hamafχitˈim ʔˈet zihˈum haʔavˈiʁ.
רובוטים תעשייתיים מבצעים פעולות הרכבה חוזרות ונשנות בדיוק מיקרוסקופי וללא כל עייפות.	ʁobotˈim taʔasijatijˈim mevatsʔˈim peʔulˈot haʁkavˈa χozʁˈot veniʃnˈot bedijˈuk mˈikʁoskˈopi ˈullo kˈol ʔajefˈut.
אימוני קרוספיט משלבים הרמת משקולות אולימפית, התעמלות קרקע ותרגילים אירוביים בעצימות גבוהה.	ʔimunˈej kʁospˈit meʃalvˈim haʁamˈat maʃkolˈot ʔolimpˈit, hitʔamlˈut kaʁkˈa vetaʁɡilˈim ʔejʁobijˈim baʔatsimˈut ɡvˈoha.
"ספינות משא ענקיות מנווטות באוקיינוסים באמצעות מערכות מכ""ם מתקדמות ותקשורת לוויינית מאובטחת."	sfinˈot masˈa ʔanakijˈot menuutˈot baʔokjanosˈim beʔemtsaʔˈut maʔaʁχˈot makˈam mitkadmˈot vetikʃˈoʁet lavjanˈit meʔuvtˈaχat.
המשפט האחרון העסיק מתמטיקאים דגולים במשך מאות שנים עד שהוכח.	hamiʃpˈat haʔaχaʁˈon heʔesˈik matemˈatikˈaʔim dɡulˈim bmˈeʃeχ meʔˈot ʃanˈim ʔˈad ʃehuχˈaχ.
סיבים אופטיים מעבירים נתונים דיגיטליים במהירות האור באמצעות החזרה פנימית גמורה של קרניים.	sˈivim ʔˈoptijim maʔaviʁˈim netunˈim diɡitˈalijim bimehiʁˈut haʔˈoʁ beʔemtsaʔˈut haχzaʁˈa pnimˈit ɡmuʁˈa ʃˈel kaʁnˈajim.
החיסון החדשני מעורר את המערכת החיסונית לייצר נוגדנים ספציפיים נגד נגיף השפעת.	haχisˈun haχadʃanˈi meʔoʁˈeʁ ʔˈet hamaʔaʁˈeχet haχisunˈit lejatsˈeʁ noɡdanˈim spetsˈifijim nˈeɡed neɡˈif haʃpˈaʔat.
הנגר האומן גילף עיטורים מסובכים בעץ אלון מלא בעזרת מפסלות פלדה חדות.	hanˈaɡaʁ haʔumˈan ɡilˈef ʔituʁˈim mesubaχˈim beʔˈets ʔalˈon malˈe beʔezʁˈat mifsalˈot pladˈa χadˈot.
כלבי נחייה עוברים אילוף ממושך וקפדני כדי לסייע לעיוורים להתנייד בבטחה במרחב הציבורי.	kalvˈej neχijˈa ʔovʁˈim ʔilˈuf memuʃˈaχ vekapdanˈi kedˈej lesajˈea laʔiuʁˈim lehitnajˈed bevitχˈa bameʁχˈav hatsibuʁˈi.
קרינת הרקע הקוסמית היא שריד עתיק מהמפץ הגדול שמהדהד ברחבי היקום.	kʁinˈat haʁˈeka hakosmˈit hˈi saʁˈid ʔatˈik mehamapˈats haɡadˈol ʃemhadhˈed beʁaχavˈej hajkˈum.
פילוסופיית הסטואה העתיקה ממליצה על שליטה רגשית וקבלת הגורל בשלוות נפש מוחלטת.	filosˈofjat hastoʔˈa haʔatikˈa mamlitsˈa ʔˈal ʃlitˈa ʁiɡʃˈit vekabalˈat haɡoʁˈal beʃalvˈat nˈefeʃ muχlˈetet.
וכשהתעוררנו מהתרדמת הארוכה, גילינו שהציוויליזציה האנושית נעלמה כליל מפני כדור הארץ.	uχeʃehitʔoʁˈaʁnu mehataʁdˈemet haʔaʁukˈa, ɡilˈinu ʃehatsˈijvilizatsja haʔenoʃˈit neʔelmˈa kalˈil mipnˈej kadˈuʁ haʔˈaʁets.
האופנוען הנועז ביצע פעלול אקרובטי מסוכן מעל התהום הפעורה בוואדי המדברי.	haʔofanoʔˈan hanoʔˈaz bitsˈea paʔalˈul ʔakʁovˈeti mesukˈan meʔˈal hatehˈom hapeʔuʁˈa bavadˈi hamidbaʁˈi.
אסטרטגיית השיווק הדיגיטלית דרשה אופטימיזציה מתמדת של קמפיינים ממומנים ברשתות החברתיות.	ʔastʁatˈeɡjat haʃijvˈuk hadiɡitˈalit daʁʃˈa ʔoptˈimizatsja matmˈedet ʃˈel kampejnˈim memumanˈim baʁʃatˈot haχevʁatijˈot.
הצוות הרפואי בחדר המיון העניק טיפול מציל חיים לפצועי תאונת הדרכים הקשה הלילה.	hatsˈevet haʁfuʔˈi baχadˈaʁ hamijˈun heʔenˈik tipˈul matsˈil χajˈim liftsuʔˈej teʔunˈat hadʁaχˈim hakaʃˈa halˈajla.
סוכני הביון השתמשו במיקרופונים זעירים ומוצפנים כדי להאזין לשיחות של המאפיה האיטלקית בנאפולי.	soχnˈej habijˈun hiʃtamʃˈu bemikʁofonˈim zeʔiʁˈim umutspˈanim kedˈej lehaʔazˈin lasiχˈot ʃˈel hamaʔafjˈa haʔitalkˈit benapolˈi.
הפסיכולוגיה הקוגניטיבית מתמקדת בתהליכי עיבוד מידע, זיכרון לטווח קצר וקבלת החלטות.	hapsiχolˈoɡja hakoɡnˈitˈivit mitmakˈedet betahaliχˈej ʔibˈud medˈa, zikaʁˈon litvˈaχ katsˈaʁ vekabalˈat haχlatˈot.
חוקרי האבולוציה גילו מאובנים המוכיחים את הקשר הביולוגי ההדוק בין דינוזאורים לעופות מודרניים.	χokʁˈej haʔevolˈutsja ɡilˈu meʔubanˈim hamoχˈiχim ʔˈet hakˈeʃeʁ habijolˈoɡi hehadˈuk bˈen dinozˈaʔoʁim leʔofˈot modˈeʁnijim.
שרברב מוסמך תיקן את הצנרת הפגומה שממנה דלפו מים חלודים למרתף הבניין.	ʃʁbʁˈav musmˈaχ tikˈen ʔˈet hatsanˈeʁet hapeɡumˈa ʃemimˈena dalfˈu majˈim χaludˈim lemaʁtˈef habinjˈan.
אנזים הפרוטאז מפרק חלבונים מורכבים במערכת העיכול והופך אותם לחומצות אמינו חיוניות לגוף.	ʔanzˈim hapʁotˈaz mefaʁˈek χelbonˈim muʁkavˈim bemaʔaʁeχˈet haʔikˈul vehofˈeχ ʔotˈam leχumtsˈot ʔaminˈo χijunijˈot laɡˈuf.
הקונצנזוס המדעי גורס שפליטת גזי חממה מואצת גורמת לשינויי אקלים דרסטיים ובלתי הפיכים.	hakontsˈenzus hamadaʔˈi ɡoʁˈes ʃeplitˈat ɡazˈej χamamˈa muʔˈetset ɡoʁˈemet leʃinujˈej ʔaklˈim dʁˈastijim uviltˈi hafiχˈim.
פסטיבל מוזיקת האינדי משך אליו אלפי בני נוער עם אוהלים, גיטרות ושקי שינה.	festivˈal mˈuzikat haʔˈindi maʃˈaχ ʔelˈav ʔalfˈej bnˈej nˈoʔaʁ ʔˈim ʔohalˈim, ɡitaʁˈot vesakˈej ʃenˈa.
אדריכלי הנוף תכננו פארק אקולוגי חדשני עם מערכות טיהור מים ביולוגיות וצמחייה מקומית.	ʔadʁˈiχalej hanˈof tiχnnˈu pˈaʁk ʔekolˈoɡi χadʃanˈi ʔˈim maʔaʁχˈot tihˈuʁ majˈim bijolˈoɡijot vetsimχijˈa mekomˈit.
הסטארטאפ המקומי פיתח אלגוריתם מתקדם לזיהוי אנומליות ודפוסים חריגים בתעבורת רשת ארגונית.	hastaʁtaʔˈap hamkomˈi pitˈeaχ ʔalɡoʁˈitm mitkadˈem lezihˈuj ʔanomˈalijot udfusˈim χaʁiɡˈim betaʔavʁˈat ʁˈeʃet ʔiʁɡunˈit.
אלגברת מטריצות מספקת כלים חישוביים חזקים לפתרון מערכות של משוואות לינאריות מרובות משתנים.	ʔalɡebeʁˈat matʁˈitsot mesapˈeket kelˈim χiʃuvijˈim χazakˈim lefitʁˈon maʔaʁaχˈot ʃˈel miʃvaʔˈot linaʁijˈot meʁubˈot miʃtanˈim.
המטבעות העתיקים שנמצאו בכד החרס מתקופת החשמונאים עשויים מכסף טהור ונושאים כתובות נדירות.	hamatbʔˈot haʔatikˈim ʃenimtsʔˈu beχˈad haχˈeʁes mitkufˈat haχaʃmonaʔˈim ʔasujˈim mikˈesef tahˈoʁ venosʔˈim ktovˈot nediʁˈot.
תיאטרון הפרינג' העלה מחזה אבסורדי שבו השחקנים החליפו תפקידים ומגדרים בסצנות אקראיות.	teʔatʁˈon hapʁˈindʒ heʔelˈa maχazˈe ʔabsˈuʁdi ʃebˈo hasaχkanˈim heχelˈifu tafkidˈim umiɡdaʁˈim bistsenˈot ʔakʁaʔijˈot.
שדרני הרדיו שידרו דיווח חי מזירת האירוע שבה התרחשה תאונת השרשרת הקטלנית בבוקר.	ʃadʁanˈej haʁˈadjo ʃidʁˈu dijvˈuaχ χˈaj miziʁˈat haʔejʁˈua ʃebˈa hitʁaχaʃˈa teʔunˈat haʃaʁʃˈeʁet hakatlanˈit babˈokeʁ.
האוטוסטרדה החדשה קיצרה משמעותית את זמני הנסיעה מהפריפריה הצפונית אל המטרופולין הסואן במרכז.	haʔotostʁˈda haχadaʃˈa kitsʁˈa maʃmaʔutˈit ʔˈet zmanˈej hansiʔˈa mehapeʁifˈeʁja hatsfonˈit ʔˈel hamˈetʁopolin hasoʔˈen bameʁkˈaz.
כשהאוטובוס המקרטע הגיע לתחנה המרכזית, הנוסעים המותשים מיהרו לרדת עם המזוודות הכבדות.	kʃehaʔˈotobˈus hamkaʁtˈea hiɡˈia lataχanˈa hameʁkazˈit, hanoseʔˈim hamutaʃˈim mihaʁˈu laʁˈedet ʔˈim hamizvadˈot hakevedˈot.
התרופה ההומיאופתית עוררה ויכוח סוער בקרב הקהילה הרפואית סביב אפקט הפלצבו בניסויים קליניים.	hatʁufˈa hahomeʔoptˈit ʔoʁeʁˈa vikˈuaχ soʔˈeʁ bekˈeʁev hakehilˈa haʁfuʔˈit svˈiv ʔefˈekt haplatsbˈo benisujˈim klˈinijim.
רבנים ופוסקי הלכה התכנסו לדון בסוגיות אתיות הקשורות לשיבוט גנטי והנדסת איברים.	ʁabanˈim ufoskˈej halaχˈa hitkansˈu ladˈun besuɡjˈot ʔˈetijot hakʃuʁˈot leʃibˈut ɡenˈeti vehandasˈat ʔejvaʁˈim.
מפיק הטלוויזיה ליהק שחקנים אנונימיים לריאליטי הישרדות אכזרי שצולם על אי טרופי בודד.	mefˈik hatelevˈizja lihˈek saχkanˈim ʔanonˈimijim leʁeʔalˈiti hisaʁdˈut ʔaχzaʁˈi ʃetsulˈam ʔˈal ʔˈi tʁˈopi bodˈed.
